postal_code,cluster_id,outlier_score
109590,37,0.026486076391016494
109680,-1,0.9291204614242641
109840,36,0.9029180829602501
117406,36,0.11993816572848225
117438,36,0.0
117525,22,0.0
118256,22,0.0
118518,8,0.5044952937166368
118520,30,0.5138652831077992
118529,8,0.49498330705430527
118759,37,0.0
119316,22,0.0
119933,8,0.05679722208366222
119967,34,0.0
127370,37,0.026486076391016494
128219,14,0.5811324582984497
128381,32,0.3729049102626989
128388,-1,0.6812340885128921
128424,32,0.28988675752807985
128425,32,0.32311946040049394
128461,32,0.4213338617674352
128477,30,0.25063019553586724
129808,30,0.2820525705438523
129810,30,0.03975574461402259
129817,30,0.24704169556181602
138577,36,0.0
138648,22,0.41732508533793233
139212,15,0.0
139944,22,0.0
142046,30,0.21434107443795888
149544,25,0.0705651017531958
149546,25,0.0
149596,30,0.14127167480998634
153028,30,0.6582532276532584
159050,-1,0.9625500084171408
159085,37,0.026486076391016494
159086,30,0.41730909029694235
159139,30,0.6582532276532584
159305,36,0.9029180829602501
159306,36,0.9029180829602501
159308,36,0.9029180829602501
159345,36,0.9029180829602501
159346,36,0.9029180829602501
159349,36,0.9029180829602501
159351,36,0.9029180829602501
159361,36,0.9029180829602501
159362,36,0.9029180829602501
159410,36,0.9029180829602501
159471,36,0.0
159506,30,0.6582532276532584
159545,30,0.36573344205251807
159546,30,0.42201320825807653
159552,37,0.5365067671697419
159557,30,0.36573344205251807
159563,30,0.4506065822271802
159637,30,0.6582532276532584
159640,30,0.6684751823494482
159919,30,0.6582532276532584
159927,37,0.026486076391016494
159929,30,0.32348447284980136
159944,30,0.3409957945287245
159968,30,0.0
169073,30,0.0
169208,30,0.3741707309760037
169311,30,0.4531051871775144
169632,37,0.5609077729483619
207628,37,0.6075228682843414
207629,37,0.46070962432055457
208187,37,0.5240215546228532
208561,37,0.5179489963114414
208581,36,0.9029180829602501
218385,37,0.5179489963114414
238931,30,0.2619714228154789
239058,30,0.2820525705438523
310005,39,0.20694525917659676
311123,39,0.20694525917659676
318876,39,0.20694525917659676
318990,39,0.20694525917659676
319254,39,0.20694525917659676
319261,20,0.0
319459,39,0.20694525917659676
319516,39,0.20694525917659676
319522,39,0.20694525917659676
319579,39,0.20694525917659676
319639,39,0.20694525917659676
328454,30,0.279278915697803
328462,38,0.0
328775,37,0.660056890877637
328779,37,0.660056890877637
328783,37,0.660056890877637
328814,37,0.660056890877637
328821,37,0.660056890877637
328844,37,0.660056890877637
329134,30,0.4131974755861405
329511,37,0.660056890877637
329513,37,0.660056890877637
330004,37,0.0
330039,30,0.12033118104830476
330064,38,0.0
331011,38,0.41581513115653324
338724,37,0.5179489963114414
338729,37,0.5581438163936061
339211,12,0.0
339263,37,0.5581438163936061
339344,25,0.5481085447984383
339348,30,0.5721022579877151
339407,37,0.5179489963114414
339417,37,0.0
339557,37,0.5179489963114414
339771,37,0.5380421015158814
339930,30,0.39511994415763724
339943,12,0.0
347493,30,0.4168000699528387
347495,30,0.3985247354879351
347725,37,0.0
347740,30,0.4534820166189068
347773,37,0.0
347789,37,0.0
347790,37,0.0
347791,37,0.0
347794,37,0.0
347796,24,0.5110357003494365
347798,30,0.5950728288181797
347805,25,0.0
348524,37,0.0
348528,37,0.0
348578,37,0.0
348615,36,0.0
348639,37,0.0
348744,30,0.2619714228154789
349276,37,0.0
349307,37,0.0
349308,37,0.0
349312,37,0.0
349313,37,0.0
349314,37,0.0
349316,24,0.5110357003494365
349317,24,0.5110357003494365
349318,30,0.0
349320,30,0.6393556249763013
349323,24,0.5110357003494365
349326,24,0.5110357003494365
349328,24,0.5110357003494365
349472,37,0.0
349493,37,0.0
349518,37,0.0
349544,37,0.0
349565,37,0.0
349566,25,0.4384855722029592
349567,41,0.0
349569,30,0.3714762936005577
349572,30,0.5390531297262489
360010,30,0.3909494340728274
367901,30,0.43488597413235464
367903,30,0.4818683987335482
367956,-1,0.9103884197323526
367957,30,0.6285146929780386
367981,37,0.0
367996,37,0.40232786506103013
367997,37,0.0
367998,30,0.36573344205251807
368001,30,0.36573344205251807
368025,30,0.7120496176114516
368026,30,0.36573344205251807
368079,37,0.0
368085,37,0.0
368089,37,0.0
368125,37,0.444222320134657
368314,37,0.0
368318,37,0.0
368326,37,0.0
368329,-1,0.9227366198600859
368355,10,0.26026714656452726
368813,37,0.0
368814,37,0.0
369521,37,0.5581438163936061
369546,37,0.16504372613816934
369551,37,0.5581438163936061
369585,37,0.0
369586,37,0.07606220621533184
369646,37,0.0
369647,37,0.0
369676,37,0.5581438163936061
369683,37,0.5581438163936061
369930,37,0.0
369941,37,0.0
369974,-1,0.9147209751594081
369977,37,0.0
378956,38,0.017982226572621843
379480,-1,0.9625500084171408
381120,38,0.491958389502701
387298,37,0.0
387355,37,0.0
387383,8,0.5426664540596653
387384,8,0.36898712807026995
387414,37,0.07606220621533184
387418,37,0.09430517292023802
387429,37,0.3180418801684722
388352,37,0.0
388380,25,0.45735291486847135
388393,37,0.0
388398,37,0.0
388405,37,0.0
388409,37,0.0
388410,25,0.4801252761286796
388432,37,0.0
388466,37,0.0
388541,37,0.0
388568,37,0.0
388571,37,0.0
389214,37,0.0
389800,37,0.0
389834,26,0.0
389835,26,0.0
389837,24,0.5251178495900476
389838,26,0.0
389842,24,0.5155571694787044
389862,37,0.0
389934,30,0.4517711202242637
389977,10,0.6008976667214851
398961,37,0.0
399051,37,0.0
400306,38,0.0
408538,35,0.0
408548,35,0.0
408553,35,0.0
408554,24,0.0
408555,24,0.0
408556,24,0.30591651316652557
408559,26,0.0
408560,26,0.0
408563,26,0.0
408564,26,0.0
408571,26,0.0
408573,8,0.8713039254573375
408605,31,0.7625743883750135
408609,-1,0.9270177264472234
408658,26,0.0
408662,26,0.0
408664,24,0.0
408703,8,0.8713039254573375
408719,8,0.8713039254573375
408726,8,0.8713039254573375
408730,25,0.1617786117014183
408732,8,0.3854369201119696
408734,35,0.0
408756,35,0.0
408764,35,0.0
408771,1,0.0
408782,35,0.0
408806,32,0.4213338617674352
408827,35,0.0
408830,35,0.0
408832,35,0.0
408857,8,0.8713039254573375
408859,-1,0.9829190350872871
408867,24,0.0
408868,35,0.0
408933,26,0.0
408935,8,0.36898712807026995
408937,26,0.0
408938,26,0.0
408939,26,0.0
408941,26,0.0
409009,34,0.0
409015,8,0.36898712807026995
409017,8,0.8713039254573375
409020,8,0.8713039254573375
409022,8,0.8713039254573375
409030,8,0.8713039254573375
409032,8,0.8713039254573375
409457,12,0.0
409459,12,0.5629568001936248
409570,12,0.24382445626617036
409572,12,0.5629568001936248
409573,12,0.0
409574,12,0.0960115632308049
409576,38,0.0
409838,12,0.5629568001936248
409845,30,0.34645616258650197
409962,8,0.36898712807026995
415875,14,0.6499344788125828
415921,-1,0.9283260662216115
415934,31,0.5180625929408645
415935,24,0.0
415941,40,0.6087555614575952
415942,41,0.6241636440665694
415978,30,0.11970184907503004
415994,19,0.0
416087,20,0.0
416090,37,0.5541679346609897
416175,24,0.0
416179,37,0.5363834533372015
416236,37,0.0
416243,37,0.5820773974261385
416584,18,0.0
416601,18,0.0
417806,16,0.6835961970510469
417810,19,0.8552872189729224
417819,37,0.556690907264296
417820,24,0.39180815712318745
417835,24,0.0
417837,24,0.0
417839,24,0.0
417841,33,0.0
417842,24,0.0
417843,33,0.0
417868,33,0.0
417869,24,0.39764807945738556
417892,21,0.4457109554301358
417948,9,0.1344011146148678
418511,38,0.0
431001,38,0.0
460001,38,0.570122045152309
460519,30,0.40477210273465486
460813,38,0.23276154906047017
467010,30,0.40703221944585344
469267,10,0.43932981921736414
479224,10,0.2837010026579837
485996,-1,0.9625500084171408
486005,22,0.0
486035,23,0.0
486049,33,0.0
486051,22,0.3845753043085659
486056,24,0.0
486058,36,0.0
486070,30,0.4136823690154971
486121,20,0.0
486126,16,0.4973678046708845
486132,20,0.0025835322919253974
486148,24,0.0
486188,38,0.0
486351,24,0.0
486477,24,0.0
486594,24,0.0
486759,30,0.0
486762,30,0.0756581827474971
486783,30,0.041063086440331915
486797,0,0.6811109388544504
488668,30,0.32348447284980136
489947,20,0.30090000383589144
489948,37,0.026486076391016494
498740,40,0.0
498765,31,0.6813940008901881
498774,32,0.0
498778,13,0.7404388669195953
498789,-1,0.6576870117638277
498793,3,0.44764346701096397
498795,32,0.0
498796,32,0.0
498817,32,0.0
498825,33,0.4171883786169922
498827,40,0.0
498828,33,0.4476243165427845
499615,30,0.10902953519579871
499637,30,0.04999834236263996
506960,-1,0.9653460504891135
507028,32,0.4213338617674352
507076,-1,0.9645299948467664
508702,1,0.8130627585282207
508707,31,0.0
508722,1,0.8130627585282207
508724,32,0.3377662819219229
508775,32,0.35922423685216304
508784,32,0.0
508788,32,0.0
508836,31,0.0
508895,30,0.16997422721444375
508913,1,0.8130627585282207
508915,1,0.8130627585282207
508927,1,0.0
508935,1,0.8130627585282207
508966,1,0.7114318535095417
508976,32,0.05270191481055928
508986,4,0.5361139965522929
509010,32,0.0
509012,-1,0.9646014861159551
510259,37,0.6691135142518195
528546,33,0.0
528548,34,0.8728376734651782
528559,1,0.1655151120981399
528603,16,0.6426731875002044
528761,16,0.4352018994385316
528830,-1,0.9083828624466376
528872,31,0.5429463760009596
528874,29,0.0
529580,1,0.7612177227265716
534013,-1,0.9883296358517181
534022,2,0.6648748044106148
534057,-1,0.9883296358517181
534118,41,0.0
534138,-1,0.9883296358517181
534182,37,0.0
534408,35,0.0
534421,40,0.0
534961,38,0.0
534963,38,0.5526920179734631
535217,32,0.4213338617674352
535219,1,0.0
535221,31,0.4851879406500768
535225,41,0.575276289709944
535226,32,0.4213338617674352
535227,40,0.0
536197,24,0.5110357003494365
536200,8,0.021039356383069304
536205,8,0.7500117992944458
536208,8,0.7019567930859754
536209,8,0.7103038325372553
536210,8,0.7107305983390906
536212,8,0.6805036875278411
536997,38,0.0
537024,32,0.47462354527927275
537068,32,0.47462354527927275
537080,32,0.47462354527927275
537084,32,0.47462354527927275
537087,32,0.47462354527927275
539182,10,0.328482034967048
539221,10,0.2489150606700652
539226,10,0.26026714656452726
539243,12,0.0
539305,12,0.0
539306,31,0.5398861215268558
539329,12,0.2230395914031585
539365,12,0.28209220607048296
539366,12,0.21153081432009815
539392,30,0.42261237967464677
539406,12,0.0
539457,33,0.5110034281440231
539477,12,0.12375493652975975
539499,12,0.0
539516,12,0.2464410934118817
554502,34,0.0
554812,37,0.36216824476037063
554864,10,0.2489150606700652
554911,25,0.300141310166431
555851,25,0.7348146629546272
555856,25,0.8670043060056085
555857,30,0.3238411071549838
555859,25,0.8627669402780624
560123,39,0.20694525917659676
561152,39,0.20694525917659676
567760,20,0.0
567761,20,0.0
568049,20,0.17413748693019188
569059,36,0.436026613396894
569060,10,0.3139948183991349
569085,30,0.41730909029694235
569088,25,0.7108815784821622
569110,35,0.0
569139,35,0.0
569498,10,0.6340023114410055
569501,34,0.3121146119149341
569510,37,0.5365568344374764
569619,39,0.0
569880,25,0.7546444605084585
573960,8,0.5039907896205501
575624,39,0.15047187651166632
575654,30,0.3856833569592883
575720,39,0.16777735085062195
576147,39,0.0
576151,39,0.0
577176,39,0.0
577177,39,0.0
577178,39,0.0
577182,39,0.0
577183,39,0.0
577185,39,0.0
577190,39,0.0
577197,39,0.0
577203,39,0.0
577206,39,0.1073987819285246
577216,39,0.0
577250,38,0.570122045152309
579713,39,0.0
596222,32,0.47462354527927275
596227,32,0.47462354527927275
597653,30,0.4092079928833508
597658,0,0.7712520187016764
599493,-1,0.9625500084171408
608521,22,0.0
608577,1,0.8130627585282207
608598,33,0.0
608599,1,0.8130627585282207
608601,19,0.7820731655945714
608606,19,0.18896938159717813
608608,19,0.45478165296493983
608617,28,0.0
608783,28,0.0
608826,1,0.7701905748019983
608837,10,0.3687809538261397
608927,10,0.2489150606700652
608928,28,0.18870011420018215
608973,31,0.0
609034,40,0.0
609039,31,0.07000314999140604
609042,1,0.0
609124,38,0.5397053740937084
609217,32,0.0
609253,4,0.3574563667199037
609269,32,0.0
609279,1,0.7460196879747879
609290,40,0.0
609299,32,0.0
609342,30,0.1558257563748515
609385,32,0.0
609389,32,0.0
609602,34,0.0
609832,31,0.8836361720738024
609914,23,0.0447827796570565
609915,22,0.0
609919,22,0.0
609923,23,0.0
609925,23,0.0
609927,22,0.0
609964,6,0.3405814049509576
610151,30,0.0
618292,28,0.0
618302,28,0.0
618679,28,0.0
618768,28,0.0
618828,28,0.0
619023,28,0.0
619091,28,0.04591735664381363
619175,28,0.7978216857649622
619177,28,0.0
619197,28,0.126958243996864
619293,40,0.38358075135915753
619328,28,0.0
619336,28,0.0
619358,28,0.0
619523,40,0.0
619554,28,0.0
619697,28,0.0
619747,28,0.21664139769395913
619775,1,0.0
619794,28,0.5846558595448389
619860,28,0.0
619861,28,0.0
619890,28,0.5104899949039327
619903,28,0.0
619926,28,0.06289441348720512
619978,1,0.0
627542,33,0.0
627546,1,0.0
627564,1,0.0
627565,3,0.6323308844915595
627571,4,0.5361139965522929
627581,40,0.0
627596,0,0.79856023632282
627605,24,0.5163694766103055
627606,24,0.5495563329532259
627607,24,0.3831677854357717
627608,19,0.7256128690229551
627615,1,0.0
627698,1,0.020333822678167503
627813,31,0.0
627814,31,0.047682501795525835
627828,31,0.63189896008726
627866,-1,0.9651687293986695
627895,31,0.11783636291969722
627942,32,0.4213338617674352
627971,28,0.0
628005,32,0.49741744210083505
628043,27,0.0
628074,32,0.05270191481055928
628075,37,0.3650479118171279
628108,32,0.0
628129,16,0.6769518587496882
628172,32,0.0
628321,31,0.0
628342,40,0.0
628346,31,0.4650517613634736
628365,31,0.0
628413,31,0.8506110699392413
628414,40,0.37004727751999966
628460,32,0.1815449207182429
628555,40,0.2519601313360204
628569,-1,0.929354830479491
628623,1,0.0
628704,32,0.0
628749,32,0.5445965839760658
628753,24,0.5110357003494365
628763,1,0.0
628818,32,0.31122744534483604
628880,32,0.6654228888936884
628899,32,0.6428589649761632
628942,33,0.0
628965,0,0.6706969234911081
629027,17,0.7883829470224385
629031,0,0.6356018822774099
629119,4,0.568346503255986
629191,33,0.0
629215,40,0.2785221649374691
629233,31,0.0
629266,31,0.0
629286,31,0.4721502738365729
629314,33,0.0
629362,29,0.0
629371,31,0.0
629409,31,0.0
629454,31,0.2110091134385782
629517,31,0.0
629566,31,0.0
629654,31,0.4851879406500768
629699,32,0.561615280392714
629728,4,0.5361139965522929
629753,1,0.7239939958793452
629788,32,0.15768955820685965
629813,28,0.21012692500438404
629845,31,0.6470154813834661
629877,31,0.0
629893,31,0.0
629914,31,0.0
629923,31,0.0
629986,-1,0.8514350524305241
636760,31,0.0
636800,31,0.03128765289982478
636846,31,0.0
636891,31,0.0
636901,31,0.4416641913029542
636902,31,0.0
636917,31,0.025455475663042997
636945,31,0.0
636963,31,0.0
636976,31,0.0
636996,31,0.018514353649990847
636997,31,0.0
637005,31,0.0
637021,31,0.0
637037,31,0.0
637084,31,0.0
637094,31,0.0
637101,31,0.0
637107,31,0.0
637127,31,0.0
637262,31,0.0
637291,31,0.0
637301,31,0.3759436499291169
637308,29,0.28630730895101675
637336,31,0.6871444549812208
637363,31,0.0
637369,29,0.0
637379,31,0.0
637385,4,0.6586244977301956
637428,31,0.8506110699392413
637431,31,0.0
637433,31,0.2163192474329354
637434,31,0.0
637439,31,0.8506110699392413
637444,31,0.34854787496377104
637455,31,0.0
637462,31,0.07017360762808866
637466,31,0.0
637468,31,0.0505431938189626
637473,31,0.0
637492,31,0.0
637500,31,0.0
637521,31,0.34278554998973093
637552,31,0.21698357206995697
637557,31,0.8506110699392413
637604,31,0.0
637609,31,0.8506110699392413
637615,31,0.0871779171954603
637636,30,0.6655084642079206
637643,3,0.0
637657,29,0.4624353712181029
637667,31,0.24951321630897338
637728,31,0.2744993426164328
637739,31,0.06797997250527162
637753,31,0.0
637769,31,0.12086384793865709
637779,31,0.0
637788,31,0.39240010584759466
637849,31,0.0
637858,31,0.0
637902,30,0.5953734516353257
638025,31,0.04927410268825829
638057,31,0.06797997250527162
638062,31,0.0
638131,30,0.21584429370577196
638377,33,0.0
638410,29,0.0
638436,16,0.0
638481,30,0.3211782299455485
638522,0,0.79856023632282
638550,31,0.42184478557724514
638599,0,0.7890586195768146
638610,31,0.5709004173863366
638636,16,0.6703105681531418
638702,30,0.2161480227201995
638755,19,0.7861958167950909
638803,31,0.2953729436466066
638858,31,0.590776965319964
638888,31,0.42259516337519587
638924,31,0.616594828574644
638983,31,0.5453113841262643
639022,30,0.4924939063979234
639067,4,0.39276576367264193
639107,31,0.6142070391946632
639111,31,0.6377044872736817
639125,31,0.07244873524689825
639127,31,0.0
639138,31,0.08810045962684346
639169,16,0.44625503921756815
639364,0,0.7136875831704224
639422,30,0.2693042971156131
639427,31,0.06329275975610604
639486,33,0.0
639492,4,0.5361139965522929
639581,0,0.7844893485305049
639591,37,0.497207022302874
639932,33,0.0745083617817664
639937,36,0.0
648175,40,0.0
649818,30,0.66651307236897
658064,30,0.14679654626396105
658065,33,0.0
658066,8,0.5472635630317945
658070,33,0.0
658071,8,0.36898712807026995
658077,33,0.0
658078,8,0.36898712807026995
658079,8,0.36898712807026995
658080,8,0.36898712807026995
659246,38,0.0
659480,20,0.40733078078429114
659554,34,0.4719805722999245
659578,8,0.36898712807026995
659589,28,0.0
669226,38,0.42530124238190453
669232,30,0.2981145897537678
669245,38,0.0
669269,38,0.0
669569,38,0.11946289389838868
669594,38,0.5070708267160313
670030,38,0.0
677736,34,0.8728376734651782
677899,37,0.6874280035536537
677929,30,0.279278915697803
698924,-1,0.9329933654948045
718831,31,0.06874233669564742
718924,31,0.1541738826290662
719685,31,0.0
728650,33,0.40707930149810506
728653,1,0.11725789881977489
728654,31,0.0
728658,1,0.05275196660280648
728676,31,0.8833402737470321
728679,36,0.710017790966467
728684,31,0.0
728770,12,0.0
728850,29,0.0
728853,29,0.0
728947,33,0.0
728949,33,0.0
729030,33,0.0
729032,33,0.0
729136,30,0.0
729232,33,0.0
729321,27,0.8467114250180025
729448,31,0.0
729449,31,0.8724537302571979
729553,0,0.7712520187016764
729639,32,0.47462354527927275
729680,32,0.47462354527927275
729904,31,0.0
729908,31,0.0
729909,31,0.0
729910,31,0.0
729913,31,0.0
729928,30,0.045806331923770933
729930,31,0.0
729934,31,0.0
729938,31,0.0
737719,32,0.4213338617674352
737724,32,0.4213338617674352
737743,32,0.4213338617674352
737853,34,0.8728376734651782
737854,8,0.5883297340477284
737855,8,0.7262304108988293
737856,34,0.0
737869,1,0.0
738068,1,0.0
738346,40,0.1934079309558398
738357,1,0.0
738366,31,0.7032669721921875
738388,31,0.6054688650902696
738435,31,0.665125235799262
738719,31,0.3719962570154628
738733,20,0.0
739082,37,0.35221705310492535
739144,1,0.07346056057723518
739175,32,0.4213338617674352
739193,40,0.17524482026943525
739211,32,0.4213338617674352
739254,37,0.026486076391016494
739431,1,0.0
739461,29,0.0
756939,8,0.744920512949557
757022,8,0.44047880365337294
757044,8,0.4583788759559214
757047,1,0.6892451803290345
757048,34,0.8728376734651782
757087,8,0.36898712807026995
757088,8,0.40416342070125477
757322,1,0.041434211773213804
757432,41,0.0
757437,30,0.3684736318628567
757438,36,0.49753044477944985
757440,8,0.36898712807026995
757446,30,0.36573344205251807
757447,31,0.0
757516,5,0.0
757522,21,0.0
757695,8,0.2896707307926686
757718,31,0.5971451296600385
757719,30,0.32348447284980136
757724,31,0.48812334226220017
757726,31,0.4690886056055112
757733,31,0.6443885947463609
757849,30,0.2869247713507351
758027,31,0.011194479959691852
758032,37,0.0
758062,31,0.4851879406500768
758069,31,0.31692667906131855
758095,31,0.6532874603712989
758145,31,0.5187302525293357
758171,40,0.0
758183,31,0.4851879406500768
758200,31,0.4909054446469889
758247,31,0.5278353850109166
758261,31,0.530814434739347
758266,31,0.2703550968951927
758283,31,0.33982291582132257
758298,31,0.0
758303,31,0.2773345180534307
759959,31,0.7668686824651761
768090,34,0.8728376734651782
768091,8,0.47839211699639383
768159,34,0.8728376734651782
768160,34,0.8728376734651782
768161,34,0.8728376734651782
768441,20,0.4207390946129842
768730,35,0.0
768743,1,0.6812625816288027
768764,30,0.4141865444441371
768765,10,0.3760239011131779
768923,30,0.10902953519579871
787126,37,0.5179489963114414
787468,6,0.43387767949169614
787472,6,0.43387767949169614
787502,8,0.6690440817991459
787600,6,0.4691102449311707
787602,6,0.8220738267346841
787603,6,0.10386126201154414
787623,6,0.7352028657306002
787797,6,0.5490122513466181
787805,8,0.49028891579108974
787806,6,0.7199591863671875
787820,6,0.6726579252067492
797547,32,0.4213338617674352
797554,4,0.0
797560,40,0.0
797563,31,0.4851879406500768
797574,32,0.4213338617674352
819117,-1,0.9644689213810882
887327,29,0.0
117407,23,0.0
117408,23,0.08122696153485064
117684,22,0.17104546135794862
118265,22,0.0
118326,21,0.0
118535,34,0.0
119937,8,0.2955474015672912
119982,8,0.0
128334,1,0.3599514238878762
128373,1,0.0
128378,1,0.0
128390,30,0.0
128394,1,0.0
128404,1,0.0
128415,1,0.0
128419,1,0.0
128428,1,0.0
128429,1,0.0
128462,1,0.0
128465,30,0.0
128467,1,0.0
129814,0,0.5769237299752715
138507,22,0.0
138538,22,0.0
138552,22,0.0
139947,30,0.0
139948,23,0.15627064620809414
139953,22,0.0
139954,20,0.42949711518368666
139967,23,0.6059071880725845
149598,10,0.0
159088,10,0.2192037810743966
159098,10,0.2489150606700652
159147,10,0.05141407578134627
159150,30,0.0
159303,34,0.0
159356,8,0.15390650481674242
159357,8,0.0
159358,25,0.392686819943623
159402,34,0.0
159405,8,0.0
159418,8,0.0
159456,10,0.0
159507,10,0.00596459953769476
159547,8,0.0
159549,30,0.06491799420361308
159554,8,0.39740647554415215
159630,10,0.0
159722,10,0.0
159723,10,0.0
159724,10,0.37263738705247684
159936,10,0.12850061171422275
169204,10,0.0
169206,10,0.0
318992,10,0.07283992269887561
318993,36,0.0
318995,10,0.0
319054,10,0.019190265548230265
319058,30,0.12704530633398245
319255,10,0.0
319257,10,0.0
319455,10,0.0
319518,10,0.31312097021075275
319519,10,0.0
328781,8,0.0
329512,8,0.0
339160,25,0.0
339213,34,0.0
339274,34,0.0
339410,25,0.0
339412,25,0.0
339416,25,0.3840934069572296
339509,37,0.5581438163936061
339510,37,0.5581438163936061
339511,37,0.5581438163936061
339562,25,0.0
339564,25,0.0
339572,25,0.0
339779,25,0.23222707402219384
339781,25,0.0
339936,25,0.509290392110495
339937,25,0.08573990762204972
339940,34,0.0772287482609244
339941,25,0.37971261208137236
347724,8,0.001545813013834207
347768,8,0.054668127652146445
347774,8,0.05679722208366222
347776,8,0.15802178598643485
347779,8,0.2751058343542241
347780,8,0.09893652215362217
347781,8,0.36898712807026995
347783,8,0.09796308820659985
347784,25,0.0
347785,8,0.2173082263266742
347795,8,0.17156262443816733
347802,8,0.3109937329417269
347893,8,0.01623741938960537
348605,8,0.016130851627366553
348608,8,0.013640170770704608
348741,8,0.0
348742,8,0.17565931630848639
349216,10,0.1472863609034315
349245,1,0.0
349246,1,0.0
349281,1,0.0
349282,40,0.14129774616551558
349327,8,0.0
349331,8,0.23341377962912044
349474,8,0.0
349475,30,0.10235263212043164
349488,8,0.5275388472253222
349489,8,0.4491043235094809
349556,8,0.09150313116594558
349568,8,0.36898712807026995
349574,10,0.3374481906285406
349575,1,0.0
349584,1,0.0
367904,8,0.0
367953,8,0.24567986104735998
367955,8,0.1427108514222852
367983,8,0.5301323528908474
368082,8,0.0
368088,25,0.18109242728835762
368181,10,0.012410626349963165
368238,8,0.3090109984551896
368319,10,0.0
368320,10,0.2514932648732751
368358,10,0.31723931702884656
368359,10,0.37026932639391075
368363,10,0.14843751823267667
368812,10,0.1945796011814877
369520,-1,0.9883296358517181
369577,8,0.3067014109958431
369610,8,0.013313489855892166
369617,25,0.0
369621,25,0.13114227545901722
369648,34,0.0
369649,8,0.37852265943534225
369652,8,0.40647928029093205
369947,8,0.2550218848612014
369976,8,0.461035990883991
388371,8,0.19366823796780444
388375,8,0.3353416311648131
388391,8,0.2812604849970025
388404,8,0.3985561407637775
388429,8,0.5275364247447395
388430,8,0.28376244024805075
388463,8,0.4756924129029312
389933,10,0.5255081198725008
389935,10,0.549486834996506
408549,1,0.0
408572,8,0.0
408583,8,0.0
408584,8,0.44550507008907225
408589,8,0.5081310198879243
408608,2,0.0
408612,2,0.0
408620,10,0.28399947609903065
408652,20,0.18185144993526287
408659,2,0.07620760153083593
408660,2,0.07620760153083593
408661,2,0.07620760153083593
408663,20,0.0
408694,10,0.2475563638246068
408698,1,0.0
408699,1,0.0
408708,1,0.0
408718,2,0.07620760153083593
408724,10,0.4381216240510988
408727,8,0.25737407150056396
408731,8,0.047771035394557015
408754,1,0.31710310910262285
408761,1,0.0
408763,1,0.0
408776,1,0.18241748983545927
408795,1,0.0
408802,14,0.0
408810,14,0.38284309938541844
408863,19,0.0
408866,19,0.0
408897,41,0.485506730991679
408934,25,0.2300344758526501
408942,34,0.11950802355359677
409959,25,0.0
415939,19,0.22243184883242856
415970,19,0.0
415979,14,0.07579653698821988
415985,19,0.0
415996,19,0.4992930672754004
416005,19,0.0
416046,19,0.0
416066,19,0.7552751409291116
416067,19,0.2886955727469917
416078,19,0.0
416108,19,0.23116788748256825
416114,19,0.0
416123,19,0.0
416128,19,0.05498918835433179
416140,19,0.0
416142,19,0.28541239597159135
416149,19,0.12621381666222956
416152,19,0.5215537448896926
416174,19,0.0
416180,14,0.0
416183,14,0.0
416198,14,0.0
416208,14,0.0
416219,14,0.0
416228,14,0.0
416239,14,0.0
416266,14,0.1098307258921284
416580,18,0.0
416588,18,0.5343441592005473
416590,18,0.0
416611,18,0.0
416615,18,0.0
416616,18,0.0
416617,18,0.0
416619,18,0.0
417809,16,0.0
417818,41,0.0
417834,16,0.4150827638652388
417846,19,0.5493060280715596
417859,19,0.0
417940,25,0.1154893453495494
417943,19,0.20200781639799786
417944,19,0.2771943607202074
418468,18,0.0
418481,18,0.07895622067857212
418482,18,0.0
418487,18,0.0
418490,18,0.46161785886973417
469004,23,0.0
469025,25,0.33334512992419874
469044,23,0.26763823602112
469270,25,0.3843596885785438
469333,25,0.08272264212122753
486025,36,0.0
486028,22,0.0
486071,30,0.13969995469554772
486161,16,0.0
486353,14,0.2734738954332157
486415,41,0.0
486443,17,0.5016241629802448
486445,17,0.0
486596,19,0.7055853109792625
486765,17,0.0
486766,17,0.0
486770,17,0.0
486778,17,0.0
486782,17,0.011461242378344305
486785,17,0.0
486787,17,0.08518335325301558
486791,17,0.0
486795,19,0.6179351668194961
486796,17,0.4624564230682182
489977,20,0.0
489978,14,0.20051092966598172
489979,14,0.0
489980,14,0.14453507200316493
498772,17,0.33805027628373485
498788,17,0.0
498797,17,0.4752867877752573
498798,13,0.423707009969215
498804,19,0.0
498808,17,0.5611527308175541
498809,17,0.0
498810,17,0.5993561886281448
498811,17,0.0
498814,17,0.0
498816,17,0.0
498829,17,0.0433048333522492
498831,17,0.5835891922317332
499617,17,0.0
499622,17,0.0
499623,17,0.44605522702047345
499638,17,0.0
499642,19,0.0
506921,30,0.0
507100,14,0.0011895536323895302
507602,14,0.26022445877157463
507603,14,0.10113413173085967
508705,14,0.0
128385,1,0.0
128387,1,0.0
128389,1,0.0
128391,1,0.0
128392,1,0.0
128393,1,0.0
128395,1,0.0
128396,14,0.15566652589751734
128398,1,0.0
128399,1,0.0
128400,1,0.0
128442,1,0.29003377549233206
128443,1,0.37197025061650546
128444,1,0.0
128447,1,0.5480732683671912
128454,1,0.0
128455,1,0.0
128456,30,0.0
128457,1,0.0
128458,30,0.0
128459,1,0.0
128460,1,0.0
139231,-1,0.9950838057396679
139232,-1,0.9950838057396679
139233,-1,0.9950838057396679
139234,-1,0.9950838057396679
319053,20,0.88409283532678
319055,25,0.5693085548252035
319056,10,0.4643120607572094
319057,10,0.2656591744864112
319059,10,0.31958387800871013
319060,25,0.3039847851050827
319061,10,0.24904972775690096
319062,30,0.0
319063,10,0.43440310012043426
319064,10,0.314219127606091
319074,10,0.5133422923494746
319075,10,0.30530927476140984
319076,25,0.13359380649550515
349247,1,0.6603563525544773
349256,1,0.5134865385079288
349257,1,0.424794721823366
349557,25,0.4858480329446397
569525,20,0.88409283532678
569526,10,0.42658710288117724
569527,10,0.2233131535620049
569528,10,0.4344725467110907
569529,25,0.0
569530,10,0.2843366825626354
569531,10,0.3553578922970256
569532,25,0.10770629434636578
569535,30,0.0
569536,11,0.0
569537,11,0.0
569538,30,0.21485071015580282
569539,11,0.0
569541,11,0.0
569543,11,0.0
569544,1,0.4737651051755095
569545,1,0.12446205094944075
569546,1,0.3347883253328902
569547,1,0.35430790798619943
569548,1,0.43305789880042694
569550,14,0.36763344681256294
569554,1,0.1294212993306949
569555,1,0.3606682045592747
569556,1,0.07648567176877902
569557,1,0.0
569558,30,0.1888242772603647
569559,1,0.3484735373053226
569560,1,0.0
569561,1,0.0
569562,1,0.0
569563,1,0.38852412314242396
569564,1,0.10811425688990756
569565,1,0.0
569566,1,0.35715219344199695
569567,30,0.19741774471769657
569568,1,0.36102340627480506
569569,1,0.5010100930725654
569570,1,0.5321527577497852
569571,1,0.02307887504724527
569572,30,0.37745136587208644
569573,30,0.1184792571509427
569623,10,0.32229428868315846
569624,10,0.5321220493032216
569629,25,0.046000025214377564
569630,10,0.41128513465790534
569634,10,0.09188664831387859
569635,25,0.4358802101986779
569636,10,0.3832309803724181
569637,25,0.28763985899608135
569638,30,0.09839124112925621
569639,25,0.0
569641,10,0.3110885327713408
575627,30,0.09839124112925621
609921,-1,0.9950838057396679
609922,23,0.0
609928,23,0.0
609934,-1,0.9950838057396679
619103,14,0.47826489729597865
619487,1,0.0
619595,1,0.4578685035782988
627563,20,0.0
627869,4,0.5361139965522929
627871,4,0.5361139965522929
628455,40,0.3707120623086354
628457,1,0.5167315813357324
628458,40,0.44274035947439533
628459,1,0.37626314485320683
628461,1,0.408438224554849
628462,1,0.0
628463,1,0.058987413194720936
628464,30,0.33858413045127167
628465,1,0.3807966802009315
628466,1,0.34078917486168187
628467,1,0.16725153194370307
628468,30,0.14745139431171317
628469,14,0.0
628470,1,0.1504041523078684
629563,0,0.0
629859,30,0.33858413045127167
638741,4,0.1758843141511664
639467,0,0.0
737659,1,0.0
739443,0,0.0
757492,16,0.0
757493,21,0.4714929940590588
757495,21,0.2277945781448846
757496,21,0.4211405490250157
757497,21,0.4228844608652032
757498,21,0.0
757500,21,0.0
757503,21,0.0
757504,21,0.0
757505,21,0.0
757506,21,0.0
757508,30,0.36615246848307903
757509,21,0.4762948782719055
757510,21,0.0
757511,21,0.0
757524,21,0.0
757526,21,0.0
768758,20,0.88409283532678
768759,1,0.30851381051543764
768760,30,0.33858413045127167
768761,1,0.3824253667286046
573958,8,0.387207112132378
573953,8,0.3075120953973173
573956,8,0.34243083045833833
573957,8,0.3062773111613605
757037,8,0.33131428193207885
757041,8,0.35302869354623195
757043,8,0.23363061468694987
757091,8,0.2510991838222112
757034,8,0.5052374412267299
757033,8,0.6332437574051952
757035,8,0.3758133722770635
757039,8,0.0
757040,8,0.25458451942395866
757036,8,0.3090109984551896
757032,8,0.3883996094448956
408729,8,0.387102220621002
408733,8,0.09548138456975419
408728,8,0.1750345712281936
128446,-1,0.9832550448178408
519528,40,0.0
519526,-1,0.9828473499862653
627789,4,0.11471524243717397
627776,4,0.11471524243717397
629918,4,0.11471524243717397
629920,4,0.11471524243717397
629916,4,0.11471524243717397
627775,4,0.11471524243717397
627778,4,0.11471524243717397
627791,4,0.11471524243717397
627787,4,0.11471524243717397
627794,4,0.11471524243717397
627786,4,0.1816305504410117
627796,4,0.11471524243717397
138637,15,0.0
138582,15,0.0
139243,15,0.0
139259,15,0.0
139217,37,0.5179489963114414
139230,15,0.13659904167475925
139229,15,0.0
139228,15,0.0
139223,15,0.0
138641,15,0.0
138640,15,0.0
139254,15,0.14199328343255083
139255,15,0.0
139249,38,0.04387481927337527
139248,38,0.29707450657828927
139242,15,0.0
139213,15,0.0
758105,1,0.0
758278,1,0.3434217073242551
758244,1,0.09444613930587592
758245,1,0.4298995148870251
758313,0,0.0
417952,9,0.0
417950,9,0.48327885669592785
417951,9,0.0
416041,9,0.0
416035,9,0.0
416038,9,0.0
416042,9,0.0
416044,9,0.0
416037,9,0.0
415982,9,0.0
415983,9,0.0
415984,9,0.1952064913109671
415980,9,0.0
417954,9,0.27602405869216295
417956,9,0.0
417955,9,0.0
415989,9,0.0
415986,9,0.16631851941210385
729643,4,0.48603452568701544
729678,4,0.0
729229,23,0.17030729803896585
728772,12,0.0
729646,4,0.48313725940943314
728773,12,0.5629568001936248
728788,12,0.0
729378,31,0.8936512549698897
728786,12,0.0
729369,23,0.048723168719863645
729364,29,0.0
729141,19,0.5479857803676464
729493,27,0.0
729368,29,0.0
729366,23,0.0
528629,3,0.0
528627,3,0.0
528636,3,0.0
528637,3,0.0
528623,3,0.42207448049736146
528631,3,0.0
528618,3,0.0
528626,3,0.0
528643,3,0.0
528642,3,0.042978485484848165
528634,3,0.0
528633,3,0.0
528621,3,0.0
528622,3,0.0
528628,3,0.0
528762,3,0.0
528841,31,0.8506110699392413
528836,20,0.0
528839,31,0.8506110699392413
528838,31,0.8506110699392413
528844,1,0.3097866257771068
528837,31,0.8506110699392413
528840,31,0.8506110699392413
528760,40,0.0
528604,40,0.36419573025186125
528820,0,0.0
528832,-1,0.9827089587987274
569873,1,0.0
569872,40,0.0
569882,1,0.0
569881,1,0.0
569874,1,0.12032748441304858
569871,1,0.0
596228,0,0.6818251616556955
596223,0,0.6226650897853667
637481,5,0.3265042048781048
637489,5,0.34305369866621654
637476,5,0.0
637490,5,0.3896094404238563
637475,5,0.23569808887238072
637491,5,0.053558094979825
637477,5,0.14076996464229194
637480,5,0.3523465483591353
637484,5,0.0
637485,5,0.4903548992228738
637486,5,0.0
637394,40,0.0
637461,0,0.0
637393,4,0.2617773314775175
636986,0,0.0
636782,2,0.2192566558029547
636794,2,0.513439831082691
636795,2,0.0
636768,2,0.0
636805,2,0.0
636792,2,0.0
636780,2,0.06876995060196757
636789,2,0.0
636788,2,0.0
636798,2,0.007968125451991437
636797,2,0.0
636783,2,0.1350741750241439
637794,0,0.0
637808,0,0.0
637806,0,0.0
637800,0,0.0
637801,0,0.0
637805,0,0.0
637823,0,0.0
637835,0,0.0
637833,0,0.0
637830,0,0.0
637789,0,0.0
679946,-1,0.9625500084171408
636818,11,0.0
636821,11,0.0
636813,11,0.0
636809,11,0.0
637045,11,0.0
637044,11,0.0
677737,-1,0.9625500084171408
636810,11,0.3881917901345691
636816,11,0.0
637042,11,0.25045016008610177
636812,11,0.0
636823,30,0.41586238531351233
636819,11,0.29198516445924416
636829,11,0.0
636827,11,0.4550407395958161
636826,11,0.0
637729,7,0.0
637730,7,0.0
637748,7,0.0
637743,7,0.0
637742,7,0.3086485609683102
637744,7,0.0
637746,7,0.0
637747,7,0.0
637736,7,0.2860476253167588
637741,7,0.125498095170249
637731,7,0.0
637745,7,0.0
637749,7,0.12066352595192592
637732,7,0.3574272640680546
637738,7,0.49552453535994573
637740,7,0.0
637734,7,0.0
637735,7,0.44527067052391733
757314,5,0.08002645021583676
757318,5,0.0
508706,1,0.4935352342424358
508708,1,0.0
508733,1,0.47778167587432924
508740,1,0.04876895902130974
508746,1,0.0
508749,1,0.04192698124129202
508750,1,0.0
508755,1,0.3760191727121748
508765,1,0.43600999754092024
508768,1,0.32546049808532096
508837,1,0.31511572363659945
508839,1,0.14366980627449122
508896,1,0.3146831242106915
508897,1,0.39959315064087414
508916,1,0.07351776132625851
508917,1,0.3670879676147193
508920,1,0.3115850146570233
508921,1,0.06095683322432642
508925,1,0.03636835382377141
508928,1,0.31798998674203455
508929,30,0.33858413045127167
508936,30,0.33858413045127167
508942,1,0.444948141129678
508944,1,0.41225151385150904
508947,1,0.0
508953,1,0.3155735458842254
508956,1,0.0
508957,1,0.0
508959,14,0.316649403809751
508967,1,0.14667150685489463
508982,1,0.0
508993,1,0.0
509016,1,0.09179552877211353
518220,1,0.32227849978393136
519527,30,0.3890927068397155
528528,0,0.0
528532,13,0.0
528543,0,0.0
528545,0,0.3736387552250759
528619,16,0.30365363736836176
528724,30,0.33858413045127167
528759,0,0.35049714289902983
528775,14,0.4006456541780824
528798,14,0.19900827827561066
528843,30,0.4057755017648296
528845,1,0.3813127298134594
528871,1,0.0
528876,1,0.4957418504512003
528883,30,0.4633330609722904
533865,13,0.09229618961661905
534054,41,0.0
534101,1,0.14587701764433186
534104,14,0.32126066892901095
534106,-1,0.9883296358517181
534158,1,0.3092382437756087
535215,1,0.07093635822572027
535220,30,0.24376417291247104
535222,1,0.0
535223,14,0.43710059142413704
536196,30,0.38261348333869916
536203,30,0.42659451367385515
536204,8,0.3259384344826552
536981,8,0.5600266395156464
537003,25,0.44328257215888234
537029,30,0.38473117754506253
537035,5,0.05182181682739641
537041,5,0.0
537043,5,0.0
537070,14,0.618957421550791
537093,14,0.046020724601424666
539183,10,0.3988907587803453
539213,1,0.28277465658802087
539214,10,0.44415853269849737
539215,25,0.5292686690513384
539220,25,0.25307524960668504
539223,25,0.5752722926521016
539225,10,0.5056073443293916
539227,10,0.45026230101029496
554369,36,0.0
554809,10,0.315848280961117
554914,36,0.0
555852,34,0.41828662879140305
555858,34,0.0
569058,10,0.16904174913025105
569111,1,0.0
569115,1,0.40642626182009767
569116,14,0.3089420138463468
569141,34,0.0
569499,10,0.4896746903251458
569500,10,0.4765806458687845
569502,1,0.008450239639443123
569503,1,0.3146304501380853
569505,1,0.013474662680726293
569507,1,0.4021932239345004
569549,1,0.0
569551,30,0.38261348333869916
569552,1,0.0
569553,30,0.48604697110269124
569620,10,0.5463447397905327
569621,10,0.46587373110229907
569622,20,0.88409283532678
569631,10,0.12615250932158292
569640,25,0.356111014291435
569642,10,0.09297729888020015
569643,25,0.0
569707,25,0.07464628207920358
569870,14,0.19563399859594438
569877,40,0.0
573954,8,0.1944580765601054
573955,25,0.5528445051824379
575625,8,0.27847549884507483
575702,25,0.15804682266162814
577180,8,0.5269514507472374
577219,39,0.0
596225,1,0.38834460046741315
608556,1,0.28277465658802087
608583,9,0.8061082240626731
608587,9,0.028578905651290815
608600,1,0.3193053067176125
608604,9,0.0
608605,30,0.5864772500979487
608609,30,0.608846892665334
608614,14,0.32849119197205845
608827,1,0.0
608828,30,0.18610880012847184
608840,34,0.0
608920,30,0.35385604843218166
608971,1,0.0
609130,14,0.17621402994200058
609149,30,0.28231849916759544
609162,41,0.0
609163,14,0.28269480551293397
609164,30,0.3504092809892973
609193,14,0.32227849985517565
609208,4,0.0
609259,16,0.0
609260,1,0.3553269328575075
609263,30,0.48176113712468577
609266,30,0.15851295990200623
609286,30,0.3494616741388253
609288,14,0.38328616753962597
609831,30,0.2292937722308299
609929,23,0.026326024935968393
609933,36,0.0
609965,30,0.2410746157283644
609966,18,0.0
609967,30,0.5237813440239304
618285,41,0.0
618289,1,0.10836832908373287
618299,41,0.0
618686,0,0.001804499452798104
618694,30,0.5750442966811683
618769,14,0.5168568869770153
618776,14,0.6586208466911792
618779,1,0.1462654286017458
618814,0,0.4798027853301765
618815,0,0.0
618816,2,0.07128419567857369
618821,2,0.38225506419720634
619036,1,0.6218243184440329
619101,20,0.88409283532678
619265,2,0.22108830932187967
619299,0,0.0
619329,30,0.2933570978737081
619363,0,0.47193476527834516
619486,30,0.48019445675181754
619491,41,0.4278602491819131
619528,14,0.22741663263678252
619557,1,0.10176639788478477
619569,14,0.0
619570,14,0.44326031122400056
619607,14,0.27765160703911373
619678,41,0.0
619730,1,0.4874659613532992
619774,1,0.019939017514179404
619857,1,0.0
619866,0,0.3513098751004202
619869,30,0.3773443854036111
619870,30,0.33858413045127167
619896,0,0.0
619900,0,0.4211494840042587
619902,0,0.5855324187264069
619927,1,0.0
619930,1,0.6431205939671233
619931,1,0.4669861601351334
619933,14,0.3290420421346055
619938,1,0.11770275367225494
619942,14,0.33087817908978284
619975,1,0.3799728415402069
627459,19,0.47874211020322244
627470,1,0.6168352776062196
627553,13,0.3731425098102094
627566,13,0.4595723156747506
627576,36,0.0
627590,41,0.0
627597,30,0.14370412289054527
627616,2,0.0
627625,16,0.0
627659,30,0.027393286367578245
627661,30,0.20622231989833917
627676,30,0.20842226558226098
627695,1,0.3040637627481882
627699,30,0.09839124112925621
627740,16,0.0
627774,30,0.3956907216211144
627792,30,0.41907910623417527
627800,16,0.0
627817,30,0.4780066512276621
627824,4,0.0
627862,41,0.0
627865,16,0.2166659684305951
627867,30,0.2996683709019916
627870,30,0.009529810714278785
627876,4,0.20933922669522761
627877,16,0.567594814287039
627881,4,0.0
627884,4,0.0
627886,16,0.0
627894,30,0.11356411834542149
627935,1,0.0
627938,1,0.48902997456713465
627970,14,0.4162022705961241
628001,1,0.08043275903797475
628051,16,0.0
628073,1,0.06064969091949276
628082,1,0.10747821961185954
628128,30,0.4317612436283327
628130,36,0.0
628138,13,0.0
628139,16,0.0
628162,1,0.4614426702241656
628225,30,0.6313601946848046
628287,4,0.5361139965522929
628289,30,0.6358768171277955
628322,40,0.4966816567115413
628371,0,0.5466598202420903
628378,30,0.5041848769568827
628386,0,0.49124624677936624
628418,30,0.4608334798699741
628423,30,0.45462460268538313
628428,4,0.11471524243717397
628444,4,0.0
628471,14,0.5140504624733033
628473,30,0.36241490062874976
628535,41,0.5141901271861973
628566,36,0.0
628579,14,0.4938664242450584
628589,14,0.28218857727292396
628591,14,0.22939546744587547
628598,14,0.5705830847492573
628605,14,0.03986688649394732
628607,1,0.31018827904326585
628614,1,0.3755234654292138
628627,13,0.5642349993979149
628628,0,0.5983039681354064
628633,0,0.5549033468348954
628642,1,0.4724307748908931
628707,14,0.09479463130157725
628711,14,0.6240916371967208
628715,30,0.4287431559774946
628716,1,0.4421698276626301
628731,1,0.6017891497294993
628732,14,0.5896256422938881
628735,30,0.38261348333869916
628754,14,0.4776574268215631
628773,1,0.0
628774,1,0.0
628781,1,0.0
628794,30,0.4727692530134678
628799,14,0.2388352343702523
628800,1,0.0
628827,14,0.5184580517525016
628833,30,0.4827940438022079
628841,1,0.28277465658802087
628873,14,0.0
628881,14,0.16642077134995714
628882,1,0.47334921854873535
628946,30,0.5124885792216908
628969,0,0.576049074817217
628974,0,0.6711403146470796
628977,0,0.02454639568933335
628980,0,0.06684502841479971
628986,0,0.5865516176143339
628989,0,0.4667939682358799
629019,0,0.47441867260109477
629034,0,0.41377394239721427
629041,0,0.17809316760029395
629045,0,0.5303438676220833
629046,0,0.6659594595249655
629051,13,0.16322672038940889
629053,30,0.22833820780016637
629058,0,0.48726663622875
629066,0,0.0
629072,0,0.5884100229897983
629075,0,0.08725539049074069
629083,30,0.11419235933790237
629084,30,0.16685826841640644
629085,0,0.6700291014661692
629088,30,0.24796000288425232
629090,0,0.5466598202420903
629105,0,0.6277277702676967
629121,30,0.24803244684812822
629131,16,0.36110896263008446
629143,30,0.3404892026183093
629150,0,0.6075128021065886
629173,1,0.07191410716747659
629177,40,0.0
629197,0,0.5573826468224924
629216,0,0.6573889075397598
629234,13,0.4684232090305939
629243,0,0.5633383250594372
629261,0,0.6037693967866502
629292,0,0.0
629294,13,0.1315467210365825
629318,40,0.0
629372,0,0.5234652097028007
629378,0,0.5563161526401651
629415,0,0.0
629416,0,0.677092420556838
629418,0,0.6587711194518535
629421,0,0.5802971367206651
629430,13,0.45764915463481226
629455,0,0.5994803607422274
629457,0,0.6021377750936145
629458,0,0.6133233182440176
629460,0,0.6673143669137943
629464,13,0.0
629467,13,0.19507955105189398
629470,13,0.5129537686755592
629477,13,0.655657247575365
629484,13,0.6792112102865379
629485,13,0.5499265902477062
629520,13,0.49093067155706677
629522,13,0.17902932743349617
629523,13,0.0
629537,13,0.0
629560,13,0.281846534759897
629564,0,0.36399214340861025
629565,0,0.4804186530620368
629569,0,0.48597654822328734
629575,0,0.4657138999815179
629586,0,0.49172413243689544
629590,0,0.47248247622841805
629596,0,0.6096551040556619
629617,13,0.0
629621,41,0.0
629635,40,0.0
629636,13,0.0
629637,20,0.0
629651,13,0.6906107921054555
629652,13,0.3260519355532072
629657,19,0.7501730936876315
629659,13,0.0
629662,0,0.6194572824114318
629663,13,0.18040426795688488
629669,0,0.47248247622841805
629680,0,0.583759463374822
629681,0,0.47248247622841805
629706,1,0.0
629734,0,0.49172413243689544
629795,1,0.44306796606639853
629822,1,0.373528867270856
629823,1,0.3679426360170311
629844,0,0.5269125546257715
629847,0,0.5967113831241609
629849,1,0.626689028568686
629858,30,0.4712531110863151
629880,0,0.5695298683823223
629882,4,0.09990386356906392
629887,0,0.5482514068615888
629895,16,0.0
629901,0,0.5565317128726991
629902,13,0.0
629911,4,0.0
629926,0,0.22433811742943388
629930,16,0.45172614389692095
629934,4,0.37036677071210533
629935,32,0.47462354527927275
629937,27,0.0
629938,0,0.5632021210822019
629947,0,0.6504997859806994
629970,40,0.0
629980,0,0.5441681646762734
629982,0,0.6544238758811184
629985,1,0.4005810289393912
636753,4,0.07636102903635689
636761,0,0.48779131561639144
636787,2,0.19055148245673884
636799,2,0.0
636802,2,0.0
636803,2,0.2192566558029547
636824,31,0.8506110699392413
636840,0,0.6067301132144248
636871,4,0.0
636884,0,0.6721936757321794
636887,0,0.6145101202368701
636892,4,0.37036677071210533
636909,4,0.0
636911,4,0.0
636914,4,0.3626237377230075
636939,4,0.29596738011819973
636941,4,0.595167960275034
636943,4,0.023489100439897777
636944,4,0.002187020179949157
636954,4,0.0
636961,4,0.0
637002,4,0.28986536816208625
637003,4,0.2593185051315109
637014,31,0.8506110699392413
637016,40,0.0
637051,40,0.0
637069,16,0.0
637077,16,0.3356433411152119
637086,16,0.0
637088,4,0.4082538414327261
637089,16,0.3793658417804522
637117,4,0.28431296719210386
637126,0,0.7071280402996025
637156,5,0.0
637161,5,0.0
637166,5,0.2569480957772523
637167,5,0.0
637174,5,0.08221404412690768
637199,30,0.24327434093719996
637202,5,0.3769283370083932
637225,0,0.5913471022094047
637228,0,0.6534177263035601
637244,14,0.11055470857375954
637251,14,0.35639383817745485
637274,14,0.046020724601424666
637311,4,0.11471524243717397
637330,5,0.35208989866271806
637410,5,0.0
637424,4,0.2007764923730247
637429,30,0.6715476788875734
637430,30,0.33858413045127167
637450,0,0.59411645096129
637470,0,0.17392003734744646
637488,5,0.24744334436500118
637510,5,0.37058775588749776
637519,14,0.5400251733756839
637526,14,0.23347795742122893
637531,14,0.3495510114175967
637532,5,0.06752590753044835
637570,0,0.5730554964955517
637571,0,0.1573773979829518
637574,7,0.0
637594,7,0.18508854827260282
637595,7,0.46759348036996495
637596,30,0.17340292124013273
637602,4,0.3766738832848889
637603,7,0.3347754302215246
637610,0,0.70115994980521
637612,0,0.47248247622841805
637614,7,0.027766850673315895
637637,7,0.6955869312662162
637638,7,0.7145802243982387
637642,0,0.6556794380646214
637649,7,0.5224771119919632
637654,0,0.5302593333139047
637677,7,0.5242267471796552
637684,7,0.0
637697,30,0.2818904274427279
637750,0,0.5328743177931144
637766,0,0.45816906490500614
637777,0,0.5711158899037473
637790,0,0.4136324678344537
637810,0,0.5518573366017046
637822,0,0.5482514068615888
637842,7,0.4175777222571131
637846,7,0.0
637850,7,0.6176212492922344
637874,7,0.5598348560870856
638027,13,0.4492389394188996
638029,13,0.0
638031,13,0.0
638032,0,0.17873955175069797
638035,13,0.5989182249376612
638036,13,0.23222843514615732
638055,0,0.5654262308407102
638070,7,0.44591073328400727
638071,13,0.6913646566750502
638089,13,0.3293734114381974
638112,7,0.7282805871718195
638380,0,0.6578554504034622
638382,0,0.5405481413812371
638383,0,0.5654262308407102
638406,0,0.0
638413,0,0.6595453071905899
638428,0,0.5605141053605928
638430,0,0.47248247622841805
638432,13,0.0
638434,0,0.3870149265761619
638456,0,0.1741739154981065
638458,0,0.37156359621751456
638490,4,0.5688031505613294
638496,16,0.1935859897804091
638497,30,0.30324040349498366
638499,16,0.16453579796807286
638500,4,0.22230405295287323
638503,4,0.2914841131688855
638505,40,0.0
638528,13,0.19247950852753049
638552,0,0.5991659145523759
638554,0,0.47248247622841805
638555,0,0.6543557463463489
638556,0,0.4782420248546364
638560,0,0.5519259558848488
638563,0,0.6751169880197857
638565,0,0.21867481926931362
638568,1,0.0
638583,0,0.5852645041800956
638586,0,0.49231706315364915
638588,0,0.6677834187578655
638593,0,0.5840430746555708
638595,13,0.6857936110469379
638639,0,0.601655736318382
638641,30,0.36927132084461006
638675,0,0.5645397166285522
638677,13,0.0
638714,13,0.22364462924267434
638717,4,0.0
638723,0,0.6867559121625191
638730,0,0.32993665325484217
638737,31,0.8506110699392413
638743,14,0.2774834339770677
638747,4,0.3474973543346954
638772,13,0.3631445335016241
638798,30,0.14917514805895785
638821,30,0.14917514805895785
638826,0,0.22640489679309794
638827,0,0.22689792893906116
638869,0,0.3982274820686989
638892,0,0.5488632493324452
638895,0,0.47248247622841805
638905,0,0.27421181564114616
638932,0,0.553382085845581
638976,0,0.5118011488700305
638977,0,0.47248247622841805
638988,0,0.16497512533645992
638989,0,0.6442447373179206
638992,0,0.523515596529537
639031,0,0.6141351940697487
639032,0,0.5696558711452298
639033,0,0.586983779132867
639036,0,0.1573773979829518
639074,0,0.6378928808049568
639076,13,0.0
639081,0,0.628446517439056
639097,0,0.1512269417180424
639108,0,0.5881148026558777
639109,13,0.0
639126,0,0.5590316040071476
639131,0,0.57463859069695
639136,0,0.4950572356490643
639141,2,0.0
639142,0,0.5388076060231083
639144,0,0.09487613097259197
639145,0,0.523660034056703
639146,0,0.5648892855645562
639149,0,0.5831212869131248
639177,0,0.636945514426862
639178,0,0.19796506689237964
639190,0,0.6840575914639883
639193,0,0.6724344471194711
639215,0,0.5996695937634787
639217,0,0.7478591079942102
639225,0,0.6173168343046611
639228,0,0.078574344359332
639230,0,0.6271090767832715
639234,0,0.39959333346301174
639236,0,0.6849821779976927
639244,0,0.4412437955784847
639247,0,0.5605703047081328
639273,0,0.4649814349820943
639298,0,0.6634620034581231
639303,0,0.6629165386536432
639306,0,0.6200643171453469
639308,0,0.5706837205800548
639309,0,0.7454600759737938
639333,0,0.705948387010423
639338,0,0.6104665555770737
639375,0,0.49887056636277216
639407,1,0.07313613889067168
639417,0,0.5248348589786204
639455,0,0.4785581436514149
639457,0,0.5796075777980932
639460,0,0.5474419849531545
639468,40,0.0
639487,0,0.6514490235356656
639489,0,0.3511422594794002
639493,0,0.23202509146777686
639499,36,0.0
639501,0,0.0
639529,30,0.33858413045127167
639530,0,0.6994698967340472
639577,40,0.0
639585,0,0.07531534545131431
639926,5,0.0
639931,41,0.0
648105,40,0.0
659531,14,0.0
659534,30,0.24410470013792446
659537,1,0.16697564317160699
659546,10,0.4912127208870193
659582,10,0.5164428136910811
659583,10,0.3451273549440762
728678,0,0.5304023364699384
728687,27,0.0
728866,27,0.0
728874,1,0.10716711980321257
728954,27,0.0
729035,2,0.06876995060196757
729036,30,0.14917514805895785
729041,2,0.13907840934477014
729148,1,0.34888860394951776
729226,30,0.18151125829358394
729228,23,0.0
729238,-1,0.9883296358517181
729245,23,0.0
729246,23,0.0
729322,27,0.0
729323,4,0.30131445646293137
729331,27,0.0
729333,30,0.14303552788382343
729338,23,0.0
729339,27,0.0
729342,23,0.0
729344,23,0.0
729347,2,0.2928761495045114
729351,19,0.5650310394133479
729352,2,0.0
729356,2,0.1818293234548032
729362,-1,0.9883296358517181
729374,2,0.33650292084966826
729476,4,0.5634985859732864
729489,27,0.0
729497,40,0.0
729573,32,0.5322084258301794
729900,30,0.09839124112925621
729915,5,0.3622645565310124
729922,14,0.5990039343959261
729927,5,0.0
729931,5,0.23937674060817338
729932,5,0.2508376028932061
729989,1,0.1163203990006156
737664,20,0.0
737678,1,0.5052862456024456
737679,1,0.10716711980321257
737680,1,0.10716711980321257
737681,30,0.5479433263553366
737682,1,0.6725365065418005
737683,1,0.4606870246430147
737684,1,0.10716711980321257
737685,1,0.1163203990006156
737686,1,0.4777828872061117
737687,1,0.07876582251422126
737688,1,0.0
737689,1,0.0
737690,1,0.0
737691,30,0.5300699420498964
737692,1,0.0
737693,1,0.0
737694,1,0.0
737695,1,0.0
737696,1,0.0
737697,1,0.020291214667578477
737698,1,0.0
737699,14,0.5848605491443492
737700,1,0.0
737725,1,0.0
737726,1,0.0
737727,1,0.0
737859,1,0.3830828105815908
737914,1,0.3590766975823777
738074,1,0.3670749792185895
738204,1,0.0
738248,1,0.5152774500803601
738309,14,0.5992395832551963
738321,30,0.30175053216840403
738322,20,0.0
738358,1,0.07741672106464648
738361,1,0.3193935013734373
738363,1,0.28277465658802087
738364,1,0.3797982442623752
738365,1,0.42044861364642194
738396,1,0.0
738427,1,0.4446176656642075
738429,1,0.2534461700081127
738430,1,0.0
738431,1,0.08968544643995421
738437,1,0.0
738442,1,0.3999403357634417
738455,1,0.10544886245255544
738457,1,0.0
738461,1,0.4539629631521243
738468,1,0.41266456053761186
738722,1,0.4806497114639953
738725,1,0.4195198549914115
738726,1,0.38169343138387785
738728,1,0.07655235167401148
738738,1,0.0
738782,7,0.5779214933330679
738960,14,0.38781314080153295
739085,30,0.3508672607588468
739149,30,0.04367291305487071
739229,30,0.36228817649448847
739249,14,0.3347467708264291
739257,1,0.08911751968574007
739449,0,0.6356968874201016
739452,0,0.6197219438599421
739485,0,0.3383086962325706
739567,0,0.0
739571,20,0.88409283532678
757089,8,0.2817139790578758
757090,8,0.37488290694481047
757177,30,0.2029749663344071
757281,5,0.12915716105690211
757287,5,0.35752895057428025
757288,5,0.0
757291,5,0.0
757295,5,0.17829515243951072
757298,14,0.6936727512385408
757305,5,0.10623220481249782
757306,5,0.20153415555263474
757308,5,0.515988179530061
757319,5,0.2228359344473841
757448,30,0.24803244684812822
757451,-1,0.9967635208108326
757452,-1,0.9967635208108326
757454,-1,0.9967635208108326
757459,-1,0.9967635208108326
757468,-1,0.9967635208108326
757469,30,0.38261348333869916
757472,-1,0.9967635208108326
757475,30,0.38261348333869916
757481,30,0.5257628110860795
757494,16,0.0
757499,21,0.0
757501,21,0.0
757502,30,0.33858413045127167
757507,30,0.3717614064054266
757512,9,0.6904874560246406
757513,21,0.0
757523,21,0.0
757525,21,0.0
757700,5,0.282429954440095
757716,41,0.5734269624560774
757732,5,0.29677527891456384
757736,30,0.3289251094594009
757739,5,0.31352660756940964
757740,5,0.3429669795019006
757742,5,0.4012786241000542
757747,5,0.6249866338584898
757748,30,0.45398054087247697
758028,1,0.41659670346683386
758029,1,0.5825704863772455
758033,1,0.34426426576168645
758035,1,0.32122275648912196
758037,1,0.0
758038,1,0.0
758047,1,0.0
758059,30,0.33067618207818095
758060,0,0.4576105086036373
758070,1,0.4458837760644091
758078,1,0.19865236173236778
758081,1,0.37598158820831895
758082,1,0.3194292961631034
758084,1,0.0
758086,1,0.19865236173236778
758088,1,0.0
758093,1,0.4283959020788565
758098,41,0.0
758100,30,0.14917514805895785
758107,1,0.25743001192903037
758111,1,0.5065544437640332
758123,0,0.26506648902434726
758127,1,0.0
758130,0,0.6662692315456124
758148,30,0.27664453981029286
758152,1,0.0
758153,30,0.14917514805895785
758157,1,0.022913137792787187
758163,1,0.0
758164,29,0.0
758172,1,0.0
758182,1,0.0
758214,1,0.0
758224,1,0.3737071084372397
758225,1,0.33584196984522086
758227,1,0.3422699293306714
758236,0,0.6604032048788355
758262,1,0.3717760100394968
758271,1,0.3347912541671203
758273,1,0.05681958044210635
758277,1,0.4328367795650979
758299,1,0.38748654345129
768724,1,0.22199537069949937
768727,14,0.6503226740143274
768728,1,0.2625649246306181
768732,1,0.4518723401436966
768733,1,0.5998066814619922
768734,14,0.34850236115546424
768735,1,0.06993039152923364
768737,1,0.49166789743939593
768738,30,0.38261348333869916
768739,1,0.48659540453552186
768762,40,0.0
768763,1,0.0
768766,10,0.4259238483767839
786637,6,0.0
787103,6,0.009251546962959923
787469,6,0.0
787470,6,0.24762642063111384
787471,6,0.0
787474,6,0.0
787478,6,0.0
787480,6,0.0
787481,6,0.5092835896052601
787484,6,0.0
787487,6,0.0
787490,6,0.0
787495,6,0.208181335751683
787499,6,0.0
787529,6,0.056501666717395836
787533,6,0.06900910112811598
787535,6,0.013956480054254282
787541,6,0.5104808745677111
787547,6,0.0
787548,6,0.29785968846309413
787549,6,0.0
787557,18,0.26689946431563394
787559,6,0.26708018707718606
787564,6,0.1699916606694925
787565,6,0.47570517000055107
787566,6,0.4691102449311707
787567,6,0.1886330521179556
787572,6,0.0
787577,6,0.43467346876550367
787584,6,0.24055022758717243
787587,6,0.40311019556756666
787591,6,0.5905197552353953
787596,6,0.4805578488253478
787601,34,0.0
787798,6,0.13112668394531474
787799,6,0.44175000847971985
787801,6,0.23465741182985259
787802,6,0.24762642063111384
787804,6,0.4931852690473931
787807,30,0.38354501234331695
787808,6,0.0
787810,6,0.30883291848730615
787812,6,0.0
787813,6,0.135841014388006
787821,6,0.46947651104924815
787823,6,0.2132314687292187
787828,6,0.17536405553739032
787830,6,0.4008868379332857
787831,18,0.0
787833,18,0.0
787835,6,0.5258210274094153
797507,4,0.29174809409034147
797520,4,0.19649248804714778
797523,20,0.0
797545,4,0.38017919368240854
797546,4,0.5361139965522929
797549,4,0.0
797553,40,0.0
797567,4,0.5479154376261254
797570,4,0.21097166550698498
000NIL,30,0.41586238531351233
109673,10,0.6119403398341373
109683,34,0.0
118327,21,0.36627199965097096
118328,21,0.15771721991358353
126888,20,0.88409283532678
126890,1,0.41664054234166703
126891,1,0.5023748107960659
126892,1,0.442919531089191
126893,1,0.5755444794929749
126905,1,0.41664054234166703
128220,1,0.47477645639922
128221,1,0.4883573037486654
128222,1,0.39954632625821346
128223,1,0.5249066184060613
128224,1,0.3197583504115712
128225,1,0.4403468017415019
128226,1,0.4635764354334941
128227,1,0.47059841752122256
128228,1,0.4637594189027607
128229,1,0.5298383339906968
128230,1,0.052996222434118605
128232,1,0.40262558380859476
128233,1,0.47788090675086414
128234,1,0.45569050423927865
128235,1,0.0
128236,1,0.5081612318188558
128237,1,0.11283423651023157
128238,1,0.4855028224232835
128239,1,0.5141523204578795
128240,1,0.4242975774712565
128241,1,0.43485864890206943
128242,1,0.4086031342241819
128243,1,0.3507930399895816
128244,1,0.5323592361298026
128245,1,0.4564510420318988
128246,1,0.33337644222734497
128247,1,0.0
128248,1,0.0
128249,1,0.3438718538134094
128250,1,0.5982855970563505
128251,1,0.5048203524399889
128252,1,0.07442387344522366
128253,1,0.43299253037930396
128254,1,0.3351132479696567
128255,1,0.06900166307503347
128256,1,0.0
128257,1,0.46386764047646245
128258,1,0.3292640985274092
128259,1,0.5336939890304978
128260,1,0.0
128261,1,0.32767335166302447
128262,1,0.4048637142657204
128263,1,0.530033060217152
128264,1,0.315329293430629
128265,1,0.0
128266,1,0.016995176456241344
128267,1,0.4139538942913794
128268,1,0.0
128269,1,0.32987930854806935
128270,1,0.40562099587873546
128271,14,0.43217168745085127
128272,14,0.0
128273,1,0.27016588929637075
128274,1,0.09298423740590357
128275,1,0.12296798790340863
128276,1,0.0
128277,1,0.0
128278,1,0.3290343308359313
128279,1,0.19807477928224035
128280,1,0.23842686327029272
128281,1,0.0
128283,1,0.2038741309192746
128284,1,0.2518273068701854
128286,1,0.19836166816748077
128292,1,0.4918415353969337
128294,1,0.0
128296,1,0.07058582925550637
128298,1,0.4499225839942585
128300,1,0.02368493438012517
128302,1,0.4779162993818525
128304,1,0.43179055390575244
128308,1,0.05846001560328738
128316,1,0.05639307579114111
128317,1,0.1732122144533557
128318,1,0.34291863165150716
128319,1,0.4489734932845169
128321,1,0.0
128323,1,0.3336100425239443
128325,1,0.06991003079808432
128326,1,0.06465964406068463
128328,30,0.1828645338755821
128329,30,0.14917514805895785
128331,1,0.43238134706959336
128332,1,0.3890547479009073
128336,1,0.4132412506171152
128337,1,0.0
128339,1,0.037808613327200064
128341,1,0.4884540257311434
128343,1,0.00259663289451753
128344,1,0.04806649169112822
128345,1,0.07058582925550637
128346,1,0.24569381285761527
128347,1,0.22099517554639275
128348,1,0.41532356569894907
128349,14,0.3483481951314258
128350,1,0.0
128351,1,0.3669899427241055
128352,1,0.360542681426558
128353,1,0.12403062038656536
128354,1,0.0
128355,1,0.5112428236077694
128356,1,0.05259145527269421
128357,1,0.29670060871053267
128358,1,0.0
128359,1,0.35127067696749537
128360,14,0.20576706296173686
128361,1,0.34153974730516873
128362,1,0.3360909525112847
128363,1,0.4018785668003836
128364,1,0.12033919804517187
128365,1,0.34586053328287897
128366,40,0.5225500793523917
128367,1,0.5652225351716663
128368,1,0.11231594307426873
128369,1,0.2117959510394427
128372,1,0.5796093477034575
128375,1,0.5092214432474402
128377,1,0.5671921359174276
128380,1,0.30761376880903873
128382,1,0.4225506716590268
609969,10,0.6570881541133791
609970,10,0.5138624629393291
609968,10,0.6418124402829898
159719,10,0.3901945964440116
159718,20,0.88409283532678
159720,10,0.1611904537586153
159761,10,0.2512987888715395
159721,10,0.400408461633458
159762,10,0.4975951519930636
389909,20,0.88409283532678
389886,10,0.1530717086863452
389911,10,0.0
389887,10,0.0
389908,10,0.38160935250079847
389910,10,0.11807425374344281
659526,10,0.24436267493883998
659530,1,0.36973700335979387
659539,1,0.14726862129152388
659528,10,0.4383836750610783
659540,1,0.023292033023796455
659529,10,0.034705882406227836
659535,1,0.3273241978688246
659541,1,0.118573048994309
659524,20,0.0
659533,1,0.34279479299801696
659538,1,0.011668364701076238
659532,1,0.1394773002207697
659542,1,0.441690836242347
659525,10,0.4121694931306683
659536,1,0.20625248970340596
539481,12,0.0
539185,14,0.46195489774424636
539442,12,0.0
539482,12,0.0
539368,12,0.0
539411,12,0.5629568001936248
539249,12,0.014905592703138966
539465,12,0.0
539492,12,0.0
539374,12,0.0
539244,12,0.0
417823,21,0.0
417824,21,0.0
415885,21,0.0
417825,21,0.0
417822,21,0.0
417821,21,0.0
415879,21,0.0
417830,21,0.17247046229063315
417828,21,0.0
415884,21,0.0
415881,21,0.3586951582990961
417829,21,0.0
415886,21,0.0
417826,21,0.0
417832,21,0.0
627686,1,0.4708930394455817
627687,1,0.4072679302259255
627694,1,0.28946616727504365
627685,1,0.12332086996139849
627691,1,0.3644349312345766
627688,1,0.0374053073985156
627689,1,0.0
627681,1,0.14771849096312836
627665,1,0.06193012753794334
627650,1,0.44079473661194846
627660,1,0.0
627667,1,0.00389348129000622
627655,1,0.0
627652,1,0.0
627654,1,0.030558381572471503
629835,1,0.4370619511420999
627679,1,0.0
608584,9,0.7893595679821859
608582,9,0.7649944623796606
608579,9,0.7860115081512206
409751,12,0.5629568001936248
409499,38,0.0
409622,-1,0.9625500084171408
409498,38,0.0
409628,12,0.0294206647711675
409750,12,0.5629568001936248
409793,12,0.0
409625,12,0.0
409752,12,0.5629568001936248
409633,12,0.5629568001936248
409703,12,0.35142604574210207
409795,12,0.0
409632,12,0.5629568001936248
409745,29,0.0
408772,1,0.36099315398449205
408775,1,0.0
408777,1,0.3289109419050852
408778,1,0.4889126447648707
408774,1,0.024086451284447405
408779,1,0.36466968229515595
408780,1,0.3783131067379261
408773,1,0.32121242213198753
797649,20,0.05823217962540698
139951,23,0.0
139955,15,0.0
139950,23,0.5316670646467375
139957,15,0.0
139952,29,0.0
139966,29,0.0
627557,0,0.5274742115940579
627552,0,0.4309217807148156
627559,0,0.4310820507137513
627569,0,0.3666776497528866
627554,0,0.35049714289902983
627567,0,0.48827205195154394
627562,0,0.5872158560988363
627558,0,0.4078504012449154
627568,0,0.49970525567876195
408701,1,0.5003128223169225
408896,2,0.0
408704,1,0.3196305102191922
408712,1,0.11787230271885932
408714,2,0.16120313928521676
408720,10,0.4952386534039468
408702,1,0.43024517587719346
408861,1,0.1799106212160787
408717,2,0.07620760153083593
408709,2,0.07620760153083593
408713,2,0.07620760153083593
408711,2,0.07620760153083593
728649,0,0.3829681887879523
739537,27,0.0
739536,27,0.0
739538,27,0.0
737868,0,0.5242941532493132
739482,27,0.03245687260585735
739483,27,0.0
739486,0,0.2710385532829949
739462,0,0.0
739549,0,0.10309671128370215
739550,13,0.6230674609673299
739428,0,0.593986199660003
739565,0,0.5013305219476996
739451,31,0.8850388336358476
739539,27,0.0
729556,29,0.0
637873,7,0.25678446807071964
637879,7,0.45654605721797226
637876,7,0.22677991243570791
637863,7,0.5781585298196876
637880,7,0.5622267800938276
637884,7,0.7343525168055319
637545,7,0.7120437982893566
637882,7,0.0
637871,7,0.03737161054742376
637888,7,0.369091766736871
637887,7,0.5331586022098348
637866,7,0.6895544317427923
508988,4,0.5361139965522929
508979,1,0.2885872149244462
508991,1,0.11787230271885932
508785,1,0.4884977933077212
508985,1,0.11787230271885932
506825,4,0.5361139965522929
508977,1,0.29893913187921767
739230,30,0.18644321295887664
739170,14,0.5555491713649834
739277,30,0.5129412624316526
739250,14,0.17348062443656873
739172,30,0.4808874889832902
739278,30,0.4543019683571747
739251,30,0.4345962013367907
739253,30,0.44012429428348826
739173,30,0.361208137090066
739279,30,0.44015419377905557
573970,8,0.1559690963107408
573968,34,0.0
573972,25,0.7123646760718002
573971,8,0.1750345712281936
573969,8,0.14783438905775045
757042,8,0.38147636754722863
757038,8,0.26473579220335985
627795,4,0.26378457615784023
627797,4,0.11471524243717397
627785,4,0.45158203562874294
758085,1,0.09187698416384911
758237,1,0.03302183509749398
758234,1,0.5211233393079427
757320,5,0.0
757321,5,0.0
757300,5,0.12797607304976233
757292,5,0.34603590434395193
757310,5,0.0
757296,5,0.4715328568101162
757297,5,0.3594863056878941
757303,5,0.07938678614833831
757301,5,0.04354601234791608
757309,5,0.2793084287104264
757278,5,0.34428829343290496
757279,5,0.29615036092544117
757277,5,0.59710314312998
