postal_code,row_idx
560123,0
561152,1
569058,2
569060,3
569085,4
569088,5
569110,6
569111,7
569115,8
569116,9
569139,10
569141,11
569619,12
569620,13
569621,14
569622,15
569623,16
569624,17
569629,18
569630,19
569631,20
569634,21
569635,22
569636,23
569637,24
569639,25
569640,26
569641,27
569642,28
569643,29
786637,30
787103,31
787468,32
787469,33
787470,34
787471,35
787472,36
787474,37
787478,38
787480,39
787481,40
787484,41
787487,42
787490,43
787495,44
787499,45
787502,46
787529,47
787533,48
787535,49
787541,50
787547,51
787548,52
787549,53
787557,54
787559,55
787564,56
787565,57
787566,58
787567,59
787572,60
787577,61
787584,62
787587,63
787591,64
787596,65
787600,66
787601,67
787602,68
787603,69
787623,70
787797,71
787798,72
787799,73
787801,74
787802,75
787804,76
787805,77
787806,78
787807,79
787808,80
787810,81
787812,82
787813,83
787820,84
787821,85
787823,86
787828,87
787830,88
787831,89
787833,90
787835,91
415875,92
415921,93
415934,94
415935,95
415939,96
415941,97
415942,98
415970,99
415978,100
415979,101
415985,102
415994,103
415996,104
416005,105
416046,106
416066,107
416067,108
416078,109
416087,110
416090,111
416108,112
416114,113
416123,114
416128,115
416140,116
416142,117
416149,118
416152,119
416174,120
416175,121
416179,122
416180,123
416183,124
416198,125
416208,126
416219,127
416228,128
416236,129
416239,130
416243,131
416266,132
416580,133
416584,134
416588,135
416590,136
416601,137
416611,138
416615,139
416616,140
416617,141
416619,142
417806,143
417809,144
417810,145
417818,146
417819,147
417820,148
417834,149
417835,150
417837,151
417839,152
417841,153
417842,154
417843,155
417846,156
417859,157
417868,158
417869,159
417892,160
417940,161
417943,162
417944,163
417948,164
418468,165
418481,166
418482,167
418487,168
418490,169
418511,170
460001,171
460519,172
460813,173
467010,174
469004,175
469025,176
469044,177
469267,178
469270,179
469333,180
479224,181
486188,182
488668,183
573954,184
573955,185
573960,186
575624,187
575625,188
575654,189
575702,190
575720,191
576147,192
576151,193
577176,194
577177,195
577178,196
577180,197
577182,198
577183,199
577185,200
577190,201
577197,202
577203,203
577206,204
577216,205
577219,206
577250,207
618299,208
618302,209
618828,210
619023,211
619036,212
619091,213
619177,214
619197,215
619265,216
619358,217
619363,218
619487,219
619491,220
619607,221
619678,222
619794,223
619975,224
619978,225
627459,226
627542,227
627546,228
627553,229
627563,230
627564,231
627565,232
627566,233
627576,234
627581,235
627615,236
627616,237
627814,238
627970,239
627971,240
628043,241
628051,242
628128,243
628129,244
628130,245
628138,246
628139,247
628555,248
628566,249
628569,250
628579,251
628589,252
628591,253
628598,254
628605,255
628607,256
628614,257
629119,258
629131,259
629143,260
658064,261
658065,262
658066,263
658070,264
658071,265
658077,266
658078,267
658079,268
658080,269
659246,270
659480,271
659531,272
659534,273
659537,274
659546,275
659554,276
659578,277
659582,278
659583,279
659589,280
669226,281
669232,282
669245,283
669269,284
669569,285
669594,286
109590,287
109673,288
109680,289
109683,290
109840,291
153028,292
159050,293
159085,294
159086,295
159088,296
159098,297
159139,298
159147,299
159303,300
159306,301
159345,302
159346,303
159349,304
159351,305
159356,306
159357,307
159358,308
159362,309
159402,310
159405,311
159410,312
159418,313
159456,314
159471,315
159506,316
159507,317
159545,318
159546,319
159547,320
159552,321
159554,322
159557,323
159630,324
159637,325
159640,326
159722,327
159723,328
159724,329
159919,330
159927,331
159929,332
159936,333
159968,334
169073,335
169204,336
169206,337
169208,338
169311,339
677736,340
677929,341
599493,342
619097,343
627486,344
628554,345
659585,346
498740,347
498765,348
498772,349
498774,350
498778,351
498788,352
498789,353
498793,354
498795,355
498796,356
498797,357
498798,358
498804,359
498808,360
498809,361
498810,362
498811,363
498814,364
498816,365
498817,366
498825,367
498827,368
498828,369
498829,370
498831,371
499615,372
499617,373
499622,374
499623,375
499637,376
499638,377
499642,378
819117,379
670030,380
677899,381
126888,382
126890,383
126891,384
126892,385
126893,386
126905,387
127370,388
128219,389
128220,390
128221,391
128222,392
128223,393
128224,394
128225,395
128226,396
128227,397
128228,398
128229,399
128230,400
128232,401
128233,402
128234,403
128235,404
128236,405
128237,406
128238,407
128239,408
128240,409
128241,410
128242,411
128243,412
128244,413
128245,414
128246,415
128247,416
128248,417
128249,418
128250,419
128251,420
128252,421
128253,422
128254,423
128255,424
128256,425
128257,426
128258,427
128259,428
128260,429
128261,430
128262,431
128263,432
128264,433
128265,434
128266,435
128267,436
128268,437
128269,438
128270,439
128271,440
128272,441
128273,442
128274,443
128275,444
128276,445
128277,446
128278,447
128279,448
128280,449
128281,450
128283,451
128284,452
128286,453
128292,454
128294,455
128296,456
128298,457
128300,458
128302,459
128304,460
128308,461
128316,462
128317,463
128318,464
128319,465
128321,466
128323,467
128325,468
128326,469
128329,470
128331,471
128332,472
128334,473
128336,474
128337,475
128339,476
128341,477
128343,478
128344,479
128345,480
128346,481
128347,482
128348,483
128349,484
128350,485
128351,486
128352,487
128353,488
128354,489
128355,490
128356,491
128357,492
128358,493
128359,494
128360,495
128361,496
128362,497
128363,498
128364,499
128365,500
128366,501
128367,502
128368,503
128369,504
128372,505
128373,506
128375,507
128377,508
128378,509
128380,510
128381,511
128382,512
128385,513
128387,514
128388,515
128389,516
128391,517
128392,518
128393,519
128394,520
128395,521
128396,522
128398,523
128399,524
128400,525
128404,526
128415,527
128419,528
128424,529
128425,530
128428,531
128429,532
128442,533
128443,534
128444,535
128447,536
128454,537
128455,538
128456,539
128457,540
128459,541
128460,542
128461,543
128462,544
128467,545
129810,546
129814,547
129817,548
596222,549
596225,550
596227,551
597658,552
608577,553
608583,554
608587,555
608598,556
608599,557
608601,558
608604,559
608605,560
608606,561
608608,562
608826,563
608827,564
608828,565
609964,566
609965,567
609966,568
498775,569
498783,570
129809,571
347493,572
347495,573
347724,574
347725,575
347740,576
347768,577
347773,578
347774,579
347776,580
347779,581
347780,582
347781,583
347783,584
347784,585
347785,586
347789,587
347790,588
347791,589
347794,590
347795,591
347796,592
347798,593
347802,594
347805,595
347893,596
348524,597
348578,598
348605,599
348608,600
348615,601
348639,602
348741,603
348742,604
348744,605
349216,606
349245,607
349246,608
349247,609
349256,610
349257,611
349276,612
349281,613
349282,614
349307,615
349308,616
349312,617
349313,618
349314,619
349316,620
349317,621
349318,622
349323,623
349326,624
349327,625
349328,626
349331,627
349472,628
349474,629
349475,630
349488,631
349489,632
349493,633
349518,634
349544,635
349556,636
349557,637
349565,638
349566,639
349567,640
349568,641
349569,642
349574,643
349575,644
349584,645
378956,646
379480,647
381120,648
387298,649
387355,650
387383,651
387384,652
387414,653
387418,654
387429,655
388352,656
388371,657
388375,658
388380,659
388391,660
388393,661
388398,662
388404,663
388405,664
388409,665
388410,666
388429,667
388430,668
388432,669
388463,670
388466,671
388541,672
388568,673
388571,674
389800,675
389834,676
389835,677
389837,678
389838,679
389842,680
389862,681
389933,682
389934,683
389935,684
389977,685
398961,686
399051,687
400306,688
408538,689
408548,690
408549,691
408553,692
408554,693
408555,694
408556,695
408559,696
408560,697
408563,698
408564,699
408571,700
408572,701
408573,702
408583,703
408584,704
408589,705
408605,706
408608,707
408609,708
408612,709
408620,710
408652,711
408658,712
408659,713
408660,714
408661,715
408662,716
408663,717
408664,718
408694,719
408698,720
408699,721
408703,722
408708,723
408718,724
408719,725
408724,726
408726,727
408727,728
408730,729
408731,730
408732,731
408734,732
408754,733
408756,734
408761,735
408763,736
408764,737
408771,738
408776,739
408782,740
408795,741
408802,742
408806,743
408810,744
408827,745
408830,746
408832,747
408857,748
408859,749
408863,750
408866,751
408867,752
408868,753
408897,754
408933,755
408934,756
408935,757
408937,758
408938,759
408939,760
408941,761
408942,762
409009,763
409015,764
409017,765
409020,766
409022,767
409030,768
409032,769
409457,770
409459,771
409570,772
409572,773
409573,774
409574,775
409576,776
409838,777
409845,778
409959,779
409962,780
408696,781
408723,782
534013,783
534054,784
534057,785
534101,786
534104,787
534106,788
534118,789
534138,790
534158,791
534182,792
534408,793
534421,794
534963,795
535215,796
535217,797
535219,798
535221,799
535222,800
535223,801
535225,802
535226,803
535227,804
536196,805
536197,806
536200,807
536203,808
536204,809
536205,810
536208,811
536209,812
536210,813
536212,814
536997,815
537003,816
537024,817
537029,818
537035,819
537041,820
537043,821
537068,822
537070,823
537080,824
537084,825
537087,826
537093,827
539182,828
539183,829
539213,830
539214,831
539215,832
539220,833
539221,834
539223,835
539225,836
539226,837
539227,838
539243,839
539305,840
539306,841
539329,842
539365,843
539366,844
539392,845
539406,846
539477,847
539499,848
539516,849
534103,850
534120,851
535218,852
537066,853
539775,854
608521,855
608556,856
608600,857
608614,858
608617,859
608783,860
608837,861
608840,862
608920,863
608927,864
608928,865
608971,866
608973,867
609034,868
609039,869
609042,870
609124,871
609130,872
609149,873
609162,874
609163,875
609164,876
609193,877
609208,878
609217,879
609253,880
609259,881
609260,882
609263,883
609266,884
609269,885
609279,886
609286,887
609288,888
609290,889
609299,890
609342,891
609385,892
609389,893
609602,894
609831,895
609832,896
609914,897
609915,898
609919,899
609921,900
609922,901
609923,902
609925,903
609927,904
609928,905
609929,906
609933,907
609934,908
618285,909
618289,910
618292,911
619101,912
619103,913
619175,914
619293,915
619299,916
619328,917
619329,918
619336,919
619554,920
619557,921
619569,922
619570,923
619595,924
619730,925
619747,926
610151,927
618679,928
618686,929
618694,930
618768,931
618769,932
618776,933
618779,934
618814,935
618815,936
618816,937
618821,938
619523,939
619528,940
619697,941
619774,942
619775,943
619857,944
619860,945
619861,946
619866,947
619869,948
619870,949
619890,950
619896,951
619900,952
619902,953
619903,954
619926,955
619927,956
619930,957
619931,958
619933,959
619938,960
619942,961
627605,962
627606,963
627607,964
627608,965
627659,966
627661,967
627676,968
627695,969
627698,970
627935,971
627938,972
627942,973
628073,974
628074,975
628075,976
628082,977
628460,978
628471,979
628473,980
628704,981
628707,982
628711,983
628715,984
628716,985
628731,986
628732,987
628735,988
628749,989
628753,990
628754,991
628763,992
628773,993
628774,994
628781,995
628794,996
628799,997
628800,998
628818,999
628827,1000
628833,1001
628841,1002
628873,1003
628880,1004
628881,1005
628882,1006
628899,1007
629173,1008
629177,1009
629788,1010
629795,1011
629813,1012
629822,1013
629823,1014
648105,1015
648175,1016
649818,1017
609216,1018
609930,1019
618494,1020
628751,1021
207629,1022
208187,1023
208561,1024
208581,1025
218385,1026
328454,1027
328462,1028
330004,1029
330039,1030
330064,1031
331011,1032
338724,1033
338729,1034
339160,1035
339211,1036
339213,1037
339263,1038
339274,1039
339344,1040
339348,1041
339407,1042
339410,1043
339412,1044
339416,1045
339417,1046
339509,1047
339510,1048
339511,1049
339562,1050
339564,1051
339572,1052
339771,1053
339779,1054
339781,1055
339930,1056
339936,1057
339937,1058
339940,1059
339941,1060
339943,1061
389214,1062
431001,1063
718831,1064
718924,1065
719685,1066
328775,1067
328781,1068
328783,1069
328814,1070
328821,1071
328844,1072
329134,1073
329511,1074
329512,1075
329513,1076
506921,1077
506960,1078
507028,1079
507076,1080
507100,1081
507602,1082
507603,1083
508702,1084
508705,1085
508706,1086
508707,1087
508708,1088
508722,1089
508724,1090
508733,1091
508740,1092
508746,1093
508749,1094
508750,1095
508755,1096
508765,1097
508768,1098
508775,1099
508784,1100
508788,1101
508836,1102
508837,1103
508839,1104
508895,1105
508896,1106
508897,1107
508913,1108
508915,1109
508916,1110
508917,1111
508920,1112
508921,1113
508925,1114
508927,1115
508928,1116
508935,1117
508942,1118
508944,1119
508947,1120
508953,1121
508956,1122
508957,1123
508959,1124
508966,1125
508967,1126
508976,1127
508982,1128
508986,1129
508993,1130
509010,1131
509012,1132
509016,1133
510259,1134
518220,1135
519527,1136
528528,1137
528532,1138
528543,1139
528545,1140
528546,1141
528603,1142
528619,1143
528724,1144
528759,1145
528761,1146
528775,1147
528798,1148
528830,1149
529580,1150
533865,1151
534022,1152
539457,1153
627774,1154
627792,1155
627800,1156
627813,1157
627817,1158
627824,1159
627828,1160
627866,1161
627895,1162
628001,1163
628005,1164
628108,1165
628162,1166
628172,1167
628321,1168
628322,1169
628342,1170
628346,1171
628365,1172
628371,1173
628386,1174
628413,1175
628414,1176
628418,1177
628423,1178
628428,1179
628444,1180
628455,1181
628457,1182
628458,1183
628459,1184
628461,1185
628462,1186
628463,1187
628464,1188
628465,1189
628466,1190
628467,1191
628469,1192
628470,1193
628535,1194
628623,1195
628627,1196
628628,1197
628633,1198
628642,1199
628942,1200
628946,1201
628965,1202
628969,1203
628974,1204
628977,1205
628980,1206
628986,1207
628989,1208
629019,1209
629027,1210
629031,1211
629034,1212
629041,1213
629045,1214
629046,1215
629051,1216
629053,1217
629058,1218
629066,1219
629072,1220
629075,1221
629083,1222
629084,1223
629085,1224
629088,1225
629090,1226
629105,1227
629150,1228
629191,1229
629197,1230
629215,1231
629216,1232
629233,1233
629234,1234
629243,1235
629261,1236
629266,1237
629286,1238
629292,1239
629294,1240
629314,1241
629318,1242
629362,1243
629371,1244
629372,1245
629378,1246
629409,1247
629415,1248
629416,1249
629418,1250
629421,1251
629430,1252
629454,1253
629455,1254
629457,1255
629458,1256
629460,1257
629464,1258
629467,1259
629470,1260
629477,1261
629484,1262
629485,1263
629517,1264
629520,1265
629522,1266
629523,1267
629537,1268
629560,1269
629563,1270
629564,1271
629565,1272
629566,1273
629569,1274
629575,1275
629586,1276
629590,1277
629596,1278
629617,1279
629621,1280
629635,1281
629636,1282
629637,1283
629651,1284
629652,1285
629654,1286
629657,1287
629659,1288
629662,1289
629663,1290
629669,1291
629680,1292
629681,1293
629699,1294
629706,1295
629728,1296
629734,1297
629753,1298
629844,1299
629845,1300
629847,1301
629849,1302
629858,1303
629859,1304
629877,1305
629880,1306
629882,1307
629887,1308
629893,1309
629895,1310
629901,1311
629902,1312
629911,1313
629914,1314
629923,1315
629926,1316
629930,1317
629934,1318
629935,1319
629937,1320
629938,1321
629947,1322
629970,1323
629980,1324
629982,1325
629985,1326
629986,1327
508931,1328
627753,1329
628502,1330
629108,1331
629406,1332
117406,1333
117407,1334
117408,1335
117438,1336
117525,1337
117684,1338
118256,1339
118265,1340
118518,1341
118520,1342
118529,1343
118535,1344
118759,1345
119316,1346
119933,1347
119937,1348
119967,1349
119982,1350
138507,1351
138538,1352
138552,1353
138577,1354
138648,1355
139212,1356
139231,1357
139232,1358
139233,1359
139234,1360
139944,1361
139947,1362
139948,1363
139953,1364
139954,1365
139967,1366
142046,1367
149544,1368
149546,1369
149596,1370
149598,1371
117528,1372
117586,1373
117610,1374
118254,1375
138522,1376
138542,1377
138567,1378
139395,1379
139941,1380
139963,1381
238931,1382
239058,1383
207628,1384
797507,1385
797520,1386
797523,1387
797545,1388
797546,1389
797547,1390
797549,1391
797553,1392
797554,1393
797560,1394
797563,1395
797567,1396
797570,1397
797574,1398
737678,1399
737679,1400
737680,1401
737681,1402
737682,1403
737683,1404
737684,1405
737685,1406
737686,1407
737687,1408
737688,1409
737689,1410
737690,1411
737692,1412
737693,1413
737694,1414
737695,1415
737696,1416
737697,1417
737698,1418
737699,1419
737700,1420
737724,1421
737725,1422
737726,1423
737727,1424
737743,1425
737914,1426
738068,1427
738074,1428
738204,1429
738248,1430
738309,1431
738321,1432
738346,1433
738357,1434
738358,1435
738361,1436
738363,1437
738364,1438
738365,1439
738366,1440
738388,1441
738396,1442
738427,1443
738429,1444
738430,1445
738431,1446
738435,1447
738437,1448
738442,1449
738455,1450
738457,1451
738461,1452
738468,1453
738719,1454
738722,1455
738725,1456
738726,1457
738728,1458
738733,1459
738738,1460
738960,1461
756939,1462
757022,1463
757044,1464
757087,1465
757088,1466
757089,1467
757090,1468
757440,1469
757695,1470
758027,1471
758028,1472
758029,1473
758032,1474
758033,1475
758035,1476
758037,1477
758038,1478
758047,1479
758059,1480
758060,1481
758062,1482
758069,1483
758070,1484
758078,1485
758081,1486
758082,1487
758084,1488
758086,1489
758088,1490
758093,1491
758095,1492
758098,1493
758100,1494
758107,1495
758111,1496
758123,1497
758127,1498
758130,1499
758145,1500
758152,1501
758153,1502
758157,1503
758163,1504
758164,1505
758171,1506
758172,1507
758182,1508
758183,1509
758200,1510
758214,1511
758224,1512
758225,1513
758227,1514
758236,1515
758247,1516
758261,1517
758262,1518
758266,1519
758271,1520
758273,1521
758277,1522
758283,1523
758298,1524
758299,1525
758303,1526
759959,1527
534961,1528
554369,1529
554502,1530
554809,1531
554812,1532
554864,1533
554911,1534
554914,1535
555851,1536
555852,1537
555856,1538
555858,1539
555859,1540
567760,1541
567761,1542
568049,1543
569498,1544
569499,1545
569500,1546
569501,1547
569502,1548
569503,1549
569505,1550
569507,1551
569510,1552
569525,1553
569526,1554
569527,1555
569528,1556
569529,1557
569530,1558
569531,1559
569532,1560
569535,1561
569536,1562
569537,1563
569539,1564
569541,1565
569543,1566
569544,1567
569545,1568
569546,1569
569547,1570
569548,1571
569549,1572
569550,1573
569551,1574
569552,1575
569553,1576
569554,1577
569555,1578
569556,1579
569557,1580
569559,1581
569560,1582
569561,1583
569562,1584
569563,1585
569564,1586
569565,1587
569566,1588
569567,1589
569568,1590
569569,1591
569570,1592
569571,1593
569572,1594
569573,1595
569707,1596
569870,1597
569877,1598
569880,1599
169632,1600
728650,1601
728653,1602
728654,1603
728658,1604
728676,1605
728678,1606
728679,1607
728684,1608
728687,1609
728770,1610
728850,1611
728853,1612
728866,1613
728874,1614
728947,1615
728949,1616
728954,1617
729030,1618
729035,1619
729041,1620
729136,1621
729148,1622
729228,1623
729232,1624
729238,1625
729245,1626
729246,1627
729321,1628
729322,1629
729323,1630
729331,1631
729333,1632
729338,1633
729339,1634
729342,1635
729344,1636
729347,1637
729351,1638
729352,1639
729356,1640
729362,1641
729374,1642
729448,1643
729449,1644
729476,1645
729489,1646
729497,1647
729553,1648
729573,1649
729639,1650
729680,1651
729904,1652
729908,1653
729909,1654
729910,1655
729913,1656
729915,1657
729922,1658
729927,1659
729928,1660
729930,1661
729931,1662
729932,1663
729934,1664
729938,1665
729989,1666
737659,1667
737869,1668
738782,1669
739431,1670
739443,1671
739449,1672
739452,1673
739461,1674
739485,1675
739567,1676
739571,1677
887327,1678
738265,1679
738317,1680
738434,1681
738472,1682
758096,1683
569876,1684
485996,1685
486005,1686
486025,1687
486028,1688
486035,1689
486049,1690
486051,1691
486056,1692
486058,1693
486070,1694
486121,1695
486126,1696
486132,1697
486148,1698
486161,1699
486351,1700
486353,1701
486415,1702
486443,1703
486445,1704
486477,1705
486594,1706
486596,1707
486765,1708
486766,1709
486770,1710
486778,1711
486782,1712
486783,1713
486785,1714
486787,1715
486791,1716
486795,1717
486796,1718
486797,1719
489947,1720
489948,1721
489977,1722
489978,1723
489979,1724
489980,1725
528548,1726
528559,1727
528843,1728
528845,1729
528871,1730
528872,1731
528874,1732
528876,1733
528883,1734
310005,1735
311123,1736
318876,1737
318990,1738
318992,1739
318995,1740
319053,1741
319054,1742
319055,1743
319056,1744
319057,1745
319059,1746
319060,1747
319061,1748
319063,1749
319064,1750
319074,1751
319075,1752
319076,1753
319254,1754
319255,1755
319257,1756
319261,1757
319455,1758
319459,1759
319516,1760
319518,1761
319519,1762
319522,1763
319579,1764
319639,1765
360010,1766
367901,1767
367903,1768
367904,1769
367953,1770
367955,1771
367956,1772
367957,1773
367981,1774
367983,1775
367997,1776
367998,1777
368001,1778
368025,1779
368026,1780
368079,1781
368082,1782
368085,1783
368088,1784
368089,1785
368125,1786
368181,1787
368238,1788
368314,1789
368318,1790
368319,1791
368320,1792
368326,1793
368329,1794
368355,1795
368358,1796
368359,1797
368363,1798
368812,1799
368813,1800
368814,1801
369520,1802
369521,1803
369546,1804
369551,1805
369577,1806
369585,1807
369586,1808
369610,1809
369617,1810
369621,1811
369646,1812
369647,1813
369648,1814
369649,1815
369652,1816
369676,1817
369683,1818
369930,1819
369941,1820
369947,1821
369974,1822
369976,1823
369977,1824
536981,1825
579713,1826
636753,1827
636760,1828
636761,1829
636787,1830
636799,1831
636800,1832
636802,1833
636803,1834
636824,1835
636840,1836
636846,1837
636871,1838
636884,1839
636887,1840
636891,1841
636892,1842
636901,1843
636902,1844
636909,1845
636911,1846
636914,1847
636917,1848
636939,1849
636941,1850
636943,1851
636944,1852
636945,1853
636954,1854
636961,1855
636963,1856
636976,1857
636996,1858
636997,1859
637002,1860
637003,1861
637005,1862
637014,1863
637016,1864
637021,1865
637037,1866
637051,1867
637069,1868
637077,1869
637084,1870
637086,1871
637088,1872
637089,1873
637094,1874
637101,1875
637107,1876
637117,1877
637126,1878
637127,1879
637156,1880
637161,1881
637166,1882
637167,1883
637174,1884
637202,1885
637225,1886
637228,1887
637244,1888
637251,1889
637262,1890
637274,1891
637291,1892
637301,1893
637308,1894
637311,1895
637330,1896
637336,1897
637363,1898
637369,1899
637379,1900
637385,1901
637410,1902
637424,1903
637428,1904
637429,1905
637431,1906
637433,1907
637434,1908
637439,1909
637444,1910
637450,1911
637455,1912
637462,1913
637466,1914
637468,1915
637470,1916
637473,1917
637488,1918
637492,1919
637500,1920
637510,1921
637519,1922
637521,1923
637526,1924
637531,1925
637532,1926
637552,1927
637557,1928
637570,1929
637571,1930
637574,1931
637594,1932
637595,1933
637596,1934
637602,1935
637603,1936
637604,1937
637609,1938
637610,1939
637612,1940
637614,1941
637615,1942
637637,1943
637638,1944
637642,1945
637643,1946
637649,1947
637654,1948
637657,1949
637667,1950
637677,1951
637684,1952
637697,1953
637728,1954
637739,1955
637750,1956
637753,1957
637766,1958
637769,1959
637777,1960
637779,1961
637788,1962
637790,1963
637810,1964
637822,1965
637842,1966
637846,1967
637849,1968
637850,1969
637858,1970
637874,1971
637902,1972
638025,1973
638027,1974
638029,1975
638031,1976
638032,1977
638035,1978
638036,1979
638055,1980
638057,1981
638062,1982
638070,1983
638071,1984
638089,1985
638112,1986
638377,1987
638380,1988
638382,1989
638383,1990
638406,1991
638410,1992
638413,1993
638428,1994
638430,1995
638432,1996
638434,1997
638436,1998
638456,1999
638458,2000
638481,2001
638490,2002
638496,2003
638497,2004
638499,2005
638500,2006
638503,2007
638505,2008
638522,2009
638528,2010
638550,2011
638552,2012
638554,2013
638555,2014
638556,2015
638560,2016
638563,2017
638565,2018
638568,2019
638583,2020
638586,2021
638588,2022
638593,2023
638595,2024
638599,2025
638610,2026
638636,2027
638639,2028
638641,2029
638675,2030
638677,2031
638702,2032
638714,2033
638717,2034
638723,2035
638730,2036
638737,2037
638741,2038
638743,2039
638747,2040
638755,2041
638772,2042
638803,2043
638826,2044
638827,2045
638858,2046
638869,2047
638888,2048
638892,2049
638895,2050
638905,2051
638924,2052
638932,2053
638976,2054
638977,2055
638983,2056
638988,2057
638989,2058
638992,2059
639022,2060
639031,2061
639032,2062
639033,2063
639036,2064
639067,2065
639074,2066
639076,2067
639081,2068
639097,2069
639107,2070
639108,2071
639109,2072
639111,2073
639125,2074
639126,2075
639127,2076
639131,2077
639136,2078
639138,2079
639141,2080
639142,2081
639144,2082
639145,2083
639146,2084
639149,2085
639169,2086
639177,2087
639178,2088
639190,2089
639193,2090
639215,2091
639217,2092
639225,2093
639228,2094
639230,2095
639234,2096
639236,2097
639244,2098
639247,2099
639273,2100
639298,2101
639303,2102
639306,2103
639308,2104
639309,2105
639333,2106
639338,2107
639364,2108
639375,2109
639407,2110
639417,2111
639422,2112
639427,2113
639455,2114
639457,2115
639460,2116
639467,2117
639468,2118
639486,2119
639487,2120
639489,2121
639492,2122
639493,2123
639501,2124
639529,2125
639530,2126
639577,2127
639581,2128
639585,2129
639591,2130
639926,2131
639931,2132
639932,2133
639937,2134
486029,2135
486066,2136
486123,2137
486361,2138
486763,2139
486779,2140
528766,2141
528880,2142
368324,2143
368356,2144
368357,2145
368360,2146
637302,2147
637360,2148
637787,2149
639105,2150
639597,2151
118326,2152
118327,2153
118328,2154
627470,2155
627571,2156
627590,2157
627596,2158
627597,2159
627625,2160
627740,2161
627862,2162
627865,2163
627867,2164
627869,2165
627870,2166
627871,2167
627876,2168
627877,2169
627881,2170
627884,2171
627886,2172
627894,2173
628225,2174
628287,2175
628289,2176
698924,2177
737664,2178
737719,2179
737853,2180
737854,2181
737855,2182
737856,2183
737859,2184
739082,2185
739085,2186
739144,2187
739175,2188
739193,2189
739211,2190
739229,2191
739249,2192
739254,2193
739257,2194
757047,2195
757048,2196
757177,2197
757281,2198
757287,2199
757288,2200
757291,2201
757295,2202
757298,2203
757305,2204
757306,2205
757308,2206
757319,2207
757322,2208
757432,2209
757446,2210
757447,2211
757448,2212
757451,2213
757452,2214
757454,2215
757459,2216
757468,2217
757472,2218
757475,2219
757492,2220
757493,2221
757494,2222
757495,2223
757496,2224
757497,2225
757498,2226
757499,2227
757500,2228
757501,2229
757502,2230
757503,2231
757504,2232
757505,2233
757506,2234
757508,2235
757509,2236
757510,2237
757511,2238
757512,2239
757513,2240
757516,2241
757522,2242
757523,2243
757524,2244
757525,2245
757526,2246
757700,2247
757716,2248
757718,2249
757719,2250
757724,2251
757726,2252
757732,2253
757733,2254
757736,2255
757739,2256
757740,2257
757742,2258
757747,2259
757849,2260
768090,2261
768091,2262
768159,2263
768160,2264
768161,2265
768441,2266
768724,2267
768727,2268
768728,2269
768730,2270
768732,2271
768733,2272
768734,2273
768735,2274
768737,2275
768738,2276
768739,2277
768743,2278
768758,2279
768759,2280
768761,2281
768762,2282
768763,2283
768764,2284
768765,2285
768766,2286
768923,2287
787126,2288
768736,2289
059815,2290
098829,2291
109842,2292
117369,2293
118221,2294
118255,2295
118261,2296
120712,2297
128328,2298
128390,2299
128458,2300
128465,2301
128477,2302
129808,2303
138498,2304
138665,2305
140075,2306
150072,2307
150073,2308
159150,2309
159305,2310
159308,2311
159361,2312
159549,2313
159563,2314
159934,2315
159944,2316
162001,2317
163020,2318
179098,2319
207903,2320
259882,2321
310003,2322
310111,2323
310115,2324
310209,2325
318993,2326
319058,2327
319062,2328
319640,2329
319763,2330
328779,2331
339153,2332
339155,2333
339156,2334
339159,2335
339339,2336
339414,2337
339505,2338
339557,2339
339631,2340
339949,2341
348528,2342
348548,2343
349320,2344
349572,2345
367996,2346
398298,2347
408618,2348
408621,2349
408825,2350
408864,2351
417883,2352
428788,2353
469000,2354
486017,2355
486026,2356
486030,2357
486036,2358
486045,2359
486059,2360
486071,2361
486073,2362
486127,2363
486133,2364
486147,2365
486153,2366
486349,2367
486478,2368
486548,2369
486630,2370
486759,2371
486762,2372
486792,2373
498745,2374
498746,2375
498770,2376
498790,2377
507020,2378
508929,2379
508936,2380
528765,2381
528886,2382
529482,2383
535216,2384
535220,2385
537055,2386
538871,2387
539217,2388
539219,2389
550147,2390
554531,2391
555853,2392
555854,2393
555857,2394
569059,2395
569538,2396
569558,2397
569625,2398
569638,2399
575627,2400
597653,2401
597654,2402
598742,2403
608609,2404
608831,2405
608832,2406
608838,2407
609040,2408
609128,2409
609206,2410
609289,2411
609386,2412
609388,2413
609601,2414
609917,2415
609924,2416
609932,2417
609935,2418
609937,2419
609967,2420
619120,2421
619478,2422
619486,2423
619746,2424
627699,2425
627751,2426
627996,2427
628378,2428
628468,2429
629121,2430
629193,2431
629853,2432
637199,2433
637312,2434
637430,2435
637636,2436
637670,2437
638131,2438
638386,2439
638798,2440
638821,2441
639307,2442
639499,2443
639532,2444
639925,2445
639938,2446
639939,2447
729032,2448
729036,2449
729226,2450
729900,2451
730900,2452
737691,2453
738100,2454
738283,2455
738308,2456
738322,2457
738436,2458
738736,2459
739149,2460
757437,2461
757438,2462
757469,2463
757481,2464
757507,2465
757748,2466
758048,2467
758148,2468
758297,2469
768760,2470
768768,2471
797564,2472
797572,2473
